name,date,times,syntaxpoints,typepoints,feedback
abhullar,2023-03-12,19:37:54,50.0,4.0,"[92m[ PASS ][0m NoMain
[92m[ PASS ][0m NestedIf
[92m[ PASS ][0m TwoClasses
[92m[ PASS ][0m NewMain
[91m[ FAIL ][0m MultipleErrorsCombined
Got error: 'b'''
Expected : 'b'Type violation in line 14\nType violation in line 15\nType violation in line 16\nType violation in line 17\nType violation in line 18\n''
Run './parser /homes/cs352/Spring23/Grading/tarindu/p2test/tests/testcases/type/MultipleErrorsCombined.java'
[91m[ FAIL ][0m MultipleErrorsDoubleDecl
Got error: 'b'''
Expected : 'b'Type violation in line 9\nType violation in line 10\n''
Run './parser /homes/cs352/Spring23/Grading/tarindu/p2test/tests/testcases/type/MultipleErrorsDoubleDecl.java'
[91m[ FAIL ][0m StatementScopeRedefineSym
Got error: 'b'''
Expected : 'b'Type violation in line 9\n''
Run './parser /homes/cs352/Spring23/Grading/tarindu/p2test/tests/testcases/type/StatementScopeRedefineSym.java'
[91m[ FAIL ][0m LiteralExprIntToArray
Got error: 'b'''
Expected : 'b'Type violation in line 4\n''
Run './parser /homes/cs352/Spring23/Grading/tarindu/p2test/tests/testcases/type/LiteralExprIntToArray.java'
[91m[ FAIL ][0m StatementReturnWrongType
Got error: 'b'''
Expected : 'b'Type violation in line 6\n''
Run './parser /homes/cs352/Spring23/Grading/tarindu/p2test/tests/testcases/type/StatementReturnWrongType.java'
[91m[ FAIL ][0m UnaryExprUnaryBool
Got error: 'b'''
Expected : 'b'Type violation in line 5\n''
Run './parser /homes/cs352/Spring23/Grading/tarindu/p2test/tests/testcases/type/UnaryExprUnaryBool.java'
[91m[ FAIL ][0m StatementMethodCallWrongTypes
Got error: 'b'''
Expected : 'b'Type Violation in Line 7\n''
Run './parser /homes/cs352/Spring23/Grading/tarindu/p2test/tests/testcases/type/StatementMethodCallWrongTypes.java'
[91m[ FAIL ][0m StatementVarDeclCheckArgs
Got error: 'b'''
Expected : 'b'Type violation in line 6\n''
Run './parser /homes/cs352/Spring23/Grading/tarindu/p2test/tests/testcases/type/StatementVarDeclCheckArgs.java'
[91m[ FAIL ][0m LValExprDiffType
Got error: 'b'''
Expected : 'b'Type violation in line 6\n''
Run './parser /homes/cs352/Spring23/Grading/tarindu/p2test/tests/testcases/type/LValExprDiffType.java'
[91m[ FAIL ][0m ParseIntNotString
Got error: 'b'''
Expected : 'b'Type violation in line 6\n''
Run './parser /homes/cs352/Spring23/Grading/tarindu/p2test/tests/testcases/type/ParseIntNotString.java'
[91m[ FAIL ][0m MethodDeclWrongType
Got error: 'b'''
Expected : 'b'Type violation in line 5\n''
Run './parser /homes/cs352/Spring23/Grading/tarindu/p2test/tests/testcases/type/MethodDeclWrongType.java'
[91m[ FAIL ][0m StatementVarDeclRedefinition
Got error: 'b'''
Expected : 'b'Type violation in line 7\n''
Run './parser /homes/cs352/Spring23/Grading/tarindu/p2test/tests/testcases/type/StatementVarDeclRedefinition.java'
[91m[ FAIL ][0m StatementScopeRedefinition
Got error: 'b'''
Expected : 'b'Type violation in line 8\n''
Run './parser /homes/cs352/Spring23/Grading/tarindu/p2test/tests/testcases/type/StatementScopeRedefinition.java'
[91m[ FAIL ][0m BinaryExprLogicalToBool
Got error: 'b'''
Expected : 'b'Type violation in line 5\n''
Run './parser /homes/cs352/Spring23/Grading/tarindu/p2test/tests/testcases/type/BinaryExprLogicalToBool.java'
[91m[ FAIL ][0m StaticVarDeclTypeStillRequired
Got error: 'b'''
Expected : 'b'Type violation in line 5\n''
Run './parser /homes/cs352/Spring23/Grading/tarindu/p2test/tests/testcases/type/StaticVarDeclTypeStillRequired.java'
[91m[ FAIL ][0m NewExprDifferentNewType
Got error: 'b'''
Expected : 'b'Type violation in line 5\n''
Run './parser /homes/cs352/Spring23/Grading/tarindu/p2test/tests/testcases/type/NewExprDifferentNewType.java'
[91m[ FAIL ][0m BinaryExprIntInBool
Got error: 'b'''
Expected : 'b'Type violation in line 7\n''
Run './parser /homes/cs352/Spring23/Grading/tarindu/p2test/tests/testcases/type/BinaryExprIntInBool.java'
[91m[ FAIL ][0m BinaryExprInvalidOperand
Got error: 'b'''
Expected : 'b'Type violation in line 6\n''
Run './parser /homes/cs352/Spring23/Grading/tarindu/p2test/tests/testcases/type/BinaryExprInvalidOperand.java'
[91m[ FAIL ][0m LiteralExprBoolToInt
Got error: 'b'''
Expected : 'b'Type violation in line 5\n''
Run './parser /homes/cs352/Spring23/Grading/tarindu/p2test/tests/testcases/type/LiteralExprBoolToInt.java'
[91m[ FAIL ][0m StatementPrintBadExpr2
Got error: 'b'''
Expected : 'b'Type violation in line 6\n''
Run './parser /homes/cs352/Spring23/Grading/tarindu/p2test/tests/testcases/type/StatementPrintBadExpr2.java'
[91m[ FAIL ][0m MultipleErrorsVarDecl
Got error: 'b'''
Expected : 'b'Type violation in line 19\nType violation in line 20\nType violation in line 21\nType violation in line 21\nType violation in line 21\n''
Run './parser /homes/cs352/Spring23/Grading/tarindu/p2test/tests/testcases/type/MultipleErrorsVarDecl.java'
[91m[ FAIL ][0m MethodDeclBadReturnType
Got error: 'b'''
Expected : 'b'Type violation in line 5\n''
Run './parser /homes/cs352/Spring23/Grading/tarindu/p2test/tests/testcases/type/MethodDeclBadReturnType.java'
[91m[ FAIL ][0m StatementAssignWrongTypes
Got error: 'b'''
Expected : 'b'Type violation in line 7\n''
Run './parser /homes/cs352/Spring23/Grading/tarindu/p2test/tests/testcases/type/StatementAssignWrongTypes.java'
[91m[ FAIL ][0m MethodDeclAssignMethod2
Got error: 'b'''
Expected : 'b'Type violation in line 5\n''
SOMETHING NOT DETECTED: 39
SOMETHING NOT DETECTED: 40 ,mc: 29
Run './parser /homes/cs352/Spring23/Grading/tarindu/p2test/tests/testcases/type/MethodDeclAssignMethod2.java'
[91m[ FAIL ][0m StatementPrintBadExpr
Got error: 'b'''
Expected : 'b'Type violation in line 8\n''
Run './parser /homes/cs352/Spring23/Grading/tarindu/p2test/tests/testcases/type/StatementPrintBadExpr.java'
[91m[ FAIL ][0m MethodDeclBadExprInCall
Got error: 'b'''
Expected : 'b'Type violation in line 8\n''
Run './parser /homes/cs352/Spring23/Grading/tarindu/p2test/tests/testcases/type/MethodDeclBadExprInCall.java'
[91m[ FAIL ][0m MethodDeclAssignMethod
Got error: 'b'''
Expected : 'b'Type violation in line 5\n''
Run './parser /homes/cs352/Spring23/Grading/tarindu/p2test/tests/testcases/type/MethodDeclAssignMethod.java'
[91m[ FAIL ][0m MethodDeclRedefinition
Got error: 'b'''
Expected : 'b'Type violation in line 6\n''
Run './parser /homes/cs352/Spring23/Grading/tarindu/p2test/tests/testcases/type/MethodDeclRedefinition.java'
[91m[ FAIL ][0m MethodDeclTooFewArgs
Got error: 'b'''
Expected : 'b'Type violation in line 6\n''
Run './parser /homes/cs352/Spring23/Grading/tarindu/p2test/tests/testcases/type/MethodDeclTooFewArgs.java'
[91m[ FAIL ][0m StatementAssignBadLValue
Got error: 'b'''
Expected : 'b'Type violation in line 7\n''
Run './parser /homes/cs352/Spring23/Grading/tarindu/p2test/tests/testcases/type/StatementAssignBadLValue.java'
[91m[ FAIL ][0m UnaryExprNotEvalBool
Got error: 'b'''
Expected : 'b'Type violation in line 5\n''
Run './parser /homes/cs352/Spring23/Grading/tarindu/p2test/tests/testcases/type/UnaryExprNotEvalBool.java'
[91m[ FAIL ][0m NewExprBoolInNew
Got error: 'b'''
Expected : 'b'Type violation in line 5\n''
Run './parser /homes/cs352/Spring23/Grading/tarindu/p2test/tests/testcases/type/NewExprBoolInNew.java'
[91m[ FAIL ][0m StaticVarDeclRedefinition
Got error: 'b'''
Expected : 'b'Type violation in line 6\n''
Run './parser /homes/cs352/Spring23/Grading/tarindu/p2test/tests/testcases/type/StaticVarDeclRedefinition.java'
[91m[ FAIL ][0m NewExprArrayInNew
Got error: 'b'''
Expected : 'b'Type violation in line 5\n''
Run './parser /homes/cs352/Spring23/Grading/tarindu/p2test/tests/testcases/type/NewExprArrayInNew.java'
[91m[ FAIL ][0m LValExprTooManyBrackets
Got error: 'b'''
Expected : 'b'Type violation in line 6\n''
Run './parser /homes/cs352/Spring23/Grading/tarindu/p2test/tests/testcases/type/LValExprTooManyBrackets.java'
[91m[ FAIL ][0m MultipleErrorsStaticVars
Got error: 'b'''
Expected : 'b'Type violation in line 8\nType violation in line 9\n''
Run './parser /homes/cs352/Spring23/Grading/tarindu/p2test/tests/testcases/type/MultipleErrorsStaticVars.java'
[91m[ FAIL ][0m StatementAssignBadExpr
Got error: 'b'''
Expected : 'b'Type violation in line 9\n''
Run './parser /homes/cs352/Spring23/Grading/tarindu/p2test/tests/testcases/type/StatementAssignBadExpr.java'
[91m[ FAIL ][0m StatementAssignBadLValue2
Got error: 'b'''
Expected : 'b'Type Violation in Line 6\n''
Run './parser /homes/cs352/Spring23/Grading/tarindu/p2test/tests/testcases/type/StatementAssignBadLValue2.java'
[91m[ FAIL ][0m MethodDeclAssignIntToBool
Got error: 'b'''
Expected : 'b'Type Violation in Line 5\n''
Run './parser /homes/cs352/Spring23/Grading/tarindu/p2test/tests/testcases/type/MethodDeclAssignIntToBool.java'
[91m[ FAIL ][0m StatementConditionalRecurseError
Got error: 'b'''
Expected : 'b'Type violation in line 7\n''
Run './parser /homes/cs352/Spring23/Grading/tarindu/p2test/tests/testcases/type/StatementConditionalRecurseError.java'
[91m[ FAIL ][0m UnaryExprLength
Got error: 'b'''
Expected : 'b'Type violation in line 6\n''
Run './parser /homes/cs352/Spring23/Grading/tarindu/p2test/tests/testcases/type/UnaryExprLength.java'
[91m[ FAIL ][0m UnaryExprUnaryString
Got error: 'b'''
Expected : 'b'Type violation in line 5\n''
Run './parser /homes/cs352/Spring23/Grading/tarindu/p2test/tests/testcases/type/UnaryExprUnaryString.java'
[91m[ FAIL ][0m StatementConditionalWhile.NotBoolCond
Got error: 'b'''
Expected : 'b'Type violation in line 6\n''
Run './parser /homes/cs352/Spring23/Grading/tarindu/p2test/tests/testcases/type/StatementConditionalWhile.NotBoolCond.java'
[91m[ FAIL ][0m BinaryExprArrayInOp
Got error: 'b'''
Expected : 'b'Type violation in line 7\n''
Run './parser /homes/cs352/Spring23/Grading/tarindu/p2test/tests/testcases/type/BinaryExprArrayInOp.java'
[91m[ FAIL ][0m StatementConditionalIf.NotBoolCond
Got error: 'b'''
Expected : 'b'Type violation in line 6\n''
Run './parser /homes/cs352/Spring23/Grading/tarindu/p2test/tests/testcases/type/StatementConditionalIf.NotBoolCond.java'
[91m[ FAIL ][0m UnaryExprNotInt
Got error: 'b'''
Expected : 'b'Type violation in line 5\n''
Run './parser /homes/cs352/Spring23/Grading/tarindu/p2test/tests/testcases/type/UnaryExprNotInt.java'"
adusi,2023-03-07,12:09:29,50.0,48.0,"[92m[ PASS ][0m NoMain
[92m[ PASS ][0m NestedIf
[92m[ PASS ][0m TwoClasses
[92m[ PASS ][0m NewMain
[92m[ PASS ][0m MultipleErrorsCombined
[92m[ PASS ][0m MultipleErrorsDoubleDecl
[92m[ PASS ][0m StatementScopeRedefineSym
[92m[ PASS ][0m LiteralExprIntToArray
[92m[ PASS ][0m StatementReturnWrongType
[92m[ PASS ][0m UnaryExprUnaryBool
[92m[ PASS ][0m StatementMethodCallWrongTypes
[91m[ FAIL ][0m StatementVarDeclCheckArgs
Got error: 'b'''
Expected : 'b'Type violation in line 6\n''
Run './parser /homes/cs352/Spring23/Grading/tarindu/p2test/tests/testcases/type/StatementVarDeclCheckArgs.java'
[92m[ PASS ][0m LValExprDiffType
[92m[ PASS ][0m ParseIntNotString
[92m[ PASS ][0m MethodDeclWrongType
[92m[ PASS ][0m StatementVarDeclRedefinition
[92m[ PASS ][0m StatementScopeRedefinition
[92m[ PASS ][0m BinaryExprLogicalToBool
[92m[ PASS ][0m StaticVarDeclTypeStillRequired
[92m[ PASS ][0m NewExprDifferentNewType
[92m[ PASS ][0m BinaryExprIntInBool
[92m[ PASS ][0m BinaryExprInvalidOperand
[92m[ PASS ][0m LiteralExprBoolToInt
[92m[ PASS ][0m StatementPrintBadExpr2
[91m[ FAIL ][0m MultipleErrorsVarDecl
Got error: 'b'Type violation in line 20\nType violation in line 21\n''
Expected : 'b'Type violation in line 19\nType violation in line 20\nType violation in line 21\nType violation in line 21\nType violation in line 21\n''
Run './parser /homes/cs352/Spring23/Grading/tarindu/p2test/tests/testcases/type/MultipleErrorsVarDecl.java'
[92m[ PASS ][0m MethodDeclBadReturnType
[92m[ PASS ][0m StatementAssignWrongTypes
[92m[ PASS ][0m MethodDeclAssignMethod2
[92m[ PASS ][0m StatementPrintBadExpr
[92m[ PASS ][0m MethodDeclBadExprInCall
[92m[ PASS ][0m MethodDeclAssignMethod
[92m[ PASS ][0m MethodDeclRedefinition
[92m[ PASS ][0m MethodDeclTooFewArgs
[92m[ PASS ][0m StatementAssignBadLValue
[92m[ PASS ][0m UnaryExprNotEvalBool
[92m[ PASS ][0m NewExprBoolInNew
[92m[ PASS ][0m StaticVarDeclRedefinition
[92m[ PASS ][0m NewExprArrayInNew
[92m[ PASS ][0m LValExprTooManyBrackets
[92m[ PASS ][0m MultipleErrorsStaticVars
[92m[ PASS ][0m StatementAssignBadExpr
[92m[ PASS ][0m StatementAssignBadLValue2
[92m[ PASS ][0m MethodDeclAssignIntToBool
[92m[ PASS ][0m StatementConditionalRecurseError
[92m[ PASS ][0m UnaryExprLength
[92m[ PASS ][0m UnaryExprUnaryString
[92m[ PASS ][0m StatementConditionalWhile.NotBoolCond
[92m[ PASS ][0m BinaryExprArrayInOp
[92m[ PASS ][0m StatementConditionalIf.NotBoolCond
[92m[ PASS ][0m UnaryExprNotInt"
agazda,2023-03-12,23:23:53,50.0,45.0,"[92m[ PASS ][0m NoMain
[92m[ PASS ][0m NestedIf
[92m[ PASS ][0m TwoClasses
[92m[ PASS ][0m NewMain
[92m[ PASS ][0m MultipleErrorsCombined
[92m[ PASS ][0m MultipleErrorsDoubleDecl
[92m[ PASS ][0m StatementScopeRedefineSym
[92m[ PASS ][0m LiteralExprIntToArray
[91m[ FAIL ][0m StatementReturnWrongType
Got error: 'b'''
Expected : 'b'Type violation in line 6\n''
Run './parser /homes/cs352/Spring23/Grading/tarindu/p2test/tests/testcases/type/StatementReturnWrongType.java'
[92m[ PASS ][0m UnaryExprUnaryBool
[92m[ PASS ][0m StatementMethodCallWrongTypes
[91m[ FAIL ][0m StatementVarDeclCheckArgs
Got error: 'b'''
Expected : 'b'Type violation in line 6\n''
Run './parser /homes/cs352/Spring23/Grading/tarindu/p2test/tests/testcases/type/StatementVarDeclCheckArgs.java'
[92m[ PASS ][0m LValExprDiffType
[92m[ PASS ][0m ParseIntNotString
[92m[ PASS ][0m MethodDeclWrongType
[92m[ PASS ][0m StatementVarDeclRedefinition
[92m[ PASS ][0m StatementScopeRedefinition
[92m[ PASS ][0m BinaryExprLogicalToBool
[91m[ FAIL ][0m StaticVarDeclTypeStillRequired
Got error: 'b'''
Expected : 'b'Type violation in line 5\n''
Run './parser /homes/cs352/Spring23/Grading/tarindu/p2test/tests/testcases/type/StaticVarDeclTypeStillRequired.java'
[92m[ PASS ][0m NewExprDifferentNewType
[92m[ PASS ][0m BinaryExprIntInBool
[92m[ PASS ][0m BinaryExprInvalidOperand
[92m[ PASS ][0m LiteralExprBoolToInt
[92m[ PASS ][0m StatementPrintBadExpr2
[91m[ FAIL ][0m MultipleErrorsVarDecl
Got error: 'b'Type Violation in Line 19\nType Violation in Line 20\nType Violation in Line 21\n''
Expected : 'b'Type violation in line 19\nType violation in line 20\nType violation in line 21\nType violation in line 21\nType violation in line 21\n''
Run './parser /homes/cs352/Spring23/Grading/tarindu/p2test/tests/testcases/type/MultipleErrorsVarDecl.java'
[92m[ PASS ][0m MethodDeclBadReturnType
[92m[ PASS ][0m StatementAssignWrongTypes
[92m[ PASS ][0m MethodDeclAssignMethod2
[92m[ PASS ][0m StatementPrintBadExpr
[92m[ PASS ][0m MethodDeclBadExprInCall
[92m[ PASS ][0m MethodDeclAssignMethod
[91m[ FAIL ][0m MethodDeclRedefinition
Got error: 'b'''
Expected : 'b'Type violation in line 6\n''
Run './parser /homes/cs352/Spring23/Grading/tarindu/p2test/tests/testcases/type/MethodDeclRedefinition.java'
[92m[ PASS ][0m MethodDeclTooFewArgs
[92m[ PASS ][0m StatementAssignBadLValue
[92m[ PASS ][0m UnaryExprNotEvalBool
[92m[ PASS ][0m NewExprBoolInNew
[92m[ PASS ][0m StaticVarDeclRedefinition
[92m[ PASS ][0m NewExprArrayInNew
[92m[ PASS ][0m LValExprTooManyBrackets
[92m[ PASS ][0m MultipleErrorsStaticVars
[92m[ PASS ][0m StatementAssignBadExpr
[92m[ PASS ][0m StatementAssignBadLValue2
[92m[ PASS ][0m MethodDeclAssignIntToBool
[92m[ PASS ][0m StatementConditionalRecurseError
[92m[ PASS ][0m UnaryExprLength
[92m[ PASS ][0m UnaryExprUnaryString
[92m[ PASS ][0m StatementConditionalWhile.NotBoolCond
[92m[ PASS ][0m BinaryExprArrayInOp
[92m[ PASS ][0m StatementConditionalIf.NotBoolCond
[92m[ PASS ][0m UnaryExprNotInt"
akhorana,2023-03-12,00:53:10,50.0,47.0,"[92m[ PASS ][0m NoMain
[92m[ PASS ][0m NestedIf
[92m[ PASS ][0m TwoClasses
[92m[ PASS ][0m NewMain
[91m[ FAIL ][0m MultipleErrorsCombined
Got error: 'b'Type violation in line 14\nType violation in line 15\nType violation in line 17\nType violation in line 18\n''
Expected : 'b'Type violation in line 14\nType violation in line 15\nType violation in line 16\nType violation in line 17\nType violation in line 18\n''
Run './parser /homes/cs352/Spring23/Grading/tarindu/p2test/tests/testcases/type/MultipleErrorsCombined.java'
[92m[ PASS ][0m MultipleErrorsDoubleDecl
[92m[ PASS ][0m StatementScopeRedefineSym
[92m[ PASS ][0m LiteralExprIntToArray
[91m[ FAIL ][0m StatementReturnWrongType
Got error: 'b'Type violation in line 7\n''
Expected : 'b'Type violation in line 6\n''
Run './parser /homes/cs352/Spring23/Grading/tarindu/p2test/tests/testcases/type/StatementReturnWrongType.java'
[92m[ PASS ][0m UnaryExprUnaryBool
[92m[ PASS ][0m StatementMethodCallWrongTypes
[92m[ PASS ][0m StatementVarDeclCheckArgs
[92m[ PASS ][0m LValExprDiffType
[92m[ PASS ][0m ParseIntNotString
[92m[ PASS ][0m MethodDeclWrongType
[92m[ PASS ][0m StatementVarDeclRedefinition
[92m[ PASS ][0m StatementScopeRedefinition
[92m[ PASS ][0m BinaryExprLogicalToBool
[92m[ PASS ][0m StaticVarDeclTypeStillRequired
[92m[ PASS ][0m NewExprDifferentNewType
[92m[ PASS ][0m BinaryExprIntInBool
[92m[ PASS ][0m BinaryExprInvalidOperand
[92m[ PASS ][0m LiteralExprBoolToInt
[92m[ PASS ][0m StatementPrintBadExpr2
[91m[ FAIL ][0m MultipleErrorsVarDecl
Got error: 'b'Type violation in line 19\nType violation in line 21\n''
Expected : 'b'Type violation in line 19\nType violation in line 20\nType violation in line 21\nType violation in line 21\nType violation in line 21\n''
Run './parser /homes/cs352/Spring23/Grading/tarindu/p2test/tests/testcases/type/MultipleErrorsVarDecl.java'
[92m[ PASS ][0m MethodDeclBadReturnType
[92m[ PASS ][0m StatementAssignWrongTypes
[92m[ PASS ][0m MethodDeclAssignMethod2
[92m[ PASS ][0m StatementPrintBadExpr
[92m[ PASS ][0m MethodDeclBadExprInCall
[92m[ PASS ][0m MethodDeclAssignMethod
[92m[ PASS ][0m MethodDeclRedefinition
[92m[ PASS ][0m MethodDeclTooFewArgs
[92m[ PASS ][0m StatementAssignBadLValue
[92m[ PASS ][0m UnaryExprNotEvalBool
[92m[ PASS ][0m NewExprBoolInNew
[92m[ PASS ][0m StaticVarDeclRedefinition
[92m[ PASS ][0m NewExprArrayInNew
[92m[ PASS ][0m LValExprTooManyBrackets
[92m[ PASS ][0m MultipleErrorsStaticVars
[92m[ PASS ][0m StatementAssignBadExpr
[92m[ PASS ][0m StatementAssignBadLValue2
[92m[ PASS ][0m MethodDeclAssignIntToBool
[92m[ PASS ][0m StatementConditionalRecurseError
[92m[ PASS ][0m UnaryExprLength
[92m[ PASS ][0m UnaryExprUnaryString
[92m[ PASS ][0m StatementConditionalWhile.NotBoolCond
[92m[ PASS ][0m BinaryExprArrayInOp
[92m[ PASS ][0m StatementConditionalIf.NotBoolCond
[92m[ PASS ][0m UnaryExprNotInt"
akute,2023-03-08,17:49:22,50.0,48.0,"[92m[ PASS ][0m NoMain
[92m[ PASS ][0m NestedIf
[92m[ PASS ][0m TwoClasses
[92m[ PASS ][0m NewMain
[92m[ PASS ][0m MultipleErrorsCombined
[92m[ PASS ][0m MultipleErrorsDoubleDecl
[92m[ PASS ][0m StatementScopeRedefineSym
[92m[ PASS ][0m LiteralExprIntToArray
[91m[ FAIL ][0m StatementReturnWrongType
Got error: 'b'''
Expected : 'b'Type violation in line 6\n''
Run './parser /homes/cs352/Spring23/Grading/tarindu/p2test/tests/testcases/type/StatementReturnWrongType.java'
[92m[ PASS ][0m UnaryExprUnaryBool
[92m[ PASS ][0m StatementMethodCallWrongTypes
[92m[ PASS ][0m StatementVarDeclCheckArgs
[92m[ PASS ][0m LValExprDiffType
[92m[ PASS ][0m ParseIntNotString
[92m[ PASS ][0m MethodDeclWrongType
[92m[ PASS ][0m StatementVarDeclRedefinition
[92m[ PASS ][0m StatementScopeRedefinition
[92m[ PASS ][0m BinaryExprLogicalToBool
[92m[ PASS ][0m StaticVarDeclTypeStillRequired
[92m[ PASS ][0m NewExprDifferentNewType
[92m[ PASS ][0m BinaryExprIntInBool
[92m[ PASS ][0m BinaryExprInvalidOperand
[92m[ PASS ][0m LiteralExprBoolToInt
[92m[ PASS ][0m StatementPrintBadExpr2
[91m[ FAIL ][0m MultipleErrorsVarDecl
Got error: 'b'Type violation in line 20\nType violation in line 21\n''
Expected : 'b'Type violation in line 19\nType violation in line 20\nType violation in line 21\nType violation in line 21\nType violation in line 21\n''
Run './parser /homes/cs352/Spring23/Grading/tarindu/p2test/tests/testcases/type/MultipleErrorsVarDecl.java'
[92m[ PASS ][0m MethodDeclBadReturnType
[92m[ PASS ][0m StatementAssignWrongTypes
[92m[ PASS ][0m MethodDeclAssignMethod2
[92m[ PASS ][0m StatementPrintBadExpr
[92m[ PASS ][0m MethodDeclBadExprInCall
[92m[ PASS ][0m MethodDeclAssignMethod
[92m[ PASS ][0m MethodDeclRedefinition
[92m[ PASS ][0m MethodDeclTooFewArgs
[92m[ PASS ][0m StatementAssignBadLValue
[92m[ PASS ][0m UnaryExprNotEvalBool
[92m[ PASS ][0m NewExprBoolInNew
[92m[ PASS ][0m StaticVarDeclRedefinition
[92m[ PASS ][0m NewExprArrayInNew
[92m[ PASS ][0m LValExprTooManyBrackets
[92m[ PASS ][0m MultipleErrorsStaticVars
[92m[ PASS ][0m StatementAssignBadExpr
[92m[ PASS ][0m StatementAssignBadLValue2
[92m[ PASS ][0m MethodDeclAssignIntToBool
[92m[ PASS ][0m StatementConditionalRecurseError
[92m[ PASS ][0m UnaryExprLength
[92m[ PASS ][0m UnaryExprUnaryString
[92m[ PASS ][0m StatementConditionalWhile.NotBoolCond
[92m[ PASS ][0m BinaryExprArrayInOp
[92m[ PASS ][0m StatementConditionalIf.NotBoolCond
[92m[ PASS ][0m UnaryExprNotInt"
amelachu,2023-03-11,16:19:11,50.0,50.0,"[92m[ PASS ][0m NoMain
[92m[ PASS ][0m NestedIf
[92m[ PASS ][0m TwoClasses
[92m[ PASS ][0m NewMain
[92m[ PASS ][0m MultipleErrorsCombined
[92m[ PASS ][0m MultipleErrorsDoubleDecl
[92m[ PASS ][0m StatementScopeRedefineSym
[92m[ PASS ][0m LiteralExprIntToArray
[92m[ PASS ][0m StatementReturnWrongType
[92m[ PASS ][0m UnaryExprUnaryBool
[92m[ PASS ][0m StatementMethodCallWrongTypes
[92m[ PASS ][0m StatementVarDeclCheckArgs
[92m[ PASS ][0m LValExprDiffType
[92m[ PASS ][0m ParseIntNotString
[92m[ PASS ][0m MethodDeclWrongType
[92m[ PASS ][0m StatementVarDeclRedefinition
[92m[ PASS ][0m StatementScopeRedefinition
[92m[ PASS ][0m BinaryExprLogicalToBool
[92m[ PASS ][0m StaticVarDeclTypeStillRequired
[92m[ PASS ][0m NewExprDifferentNewType
[92m[ PASS ][0m BinaryExprIntInBool
[92m[ PASS ][0m BinaryExprInvalidOperand
[92m[ PASS ][0m LiteralExprBoolToInt
[92m[ PASS ][0m StatementPrintBadExpr2
[92m[ PASS ][0m MultipleErrorsVarDecl
[92m[ PASS ][0m MethodDeclBadReturnType
[92m[ PASS ][0m StatementAssignWrongTypes
[92m[ PASS ][0m MethodDeclAssignMethod2
[92m[ PASS ][0m StatementPrintBadExpr
[92m[ PASS ][0m MethodDeclBadExprInCall
[92m[ PASS ][0m MethodDeclAssignMethod
[92m[ PASS ][0m MethodDeclRedefinition
[92m[ PASS ][0m MethodDeclTooFewArgs
[92m[ PASS ][0m StatementAssignBadLValue
[92m[ PASS ][0m UnaryExprNotEvalBool
[92m[ PASS ][0m NewExprBoolInNew
[92m[ PASS ][0m StaticVarDeclRedefinition
[92m[ PASS ][0m NewExprArrayInNew
[92m[ PASS ][0m LValExprTooManyBrackets
[92m[ PASS ][0m MultipleErrorsStaticVars
[92m[ PASS ][0m StatementAssignBadExpr
[92m[ PASS ][0m StatementAssignBadLValue2
[92m[ PASS ][0m MethodDeclAssignIntToBool
[92m[ PASS ][0m StatementConditionalRecurseError
[92m[ PASS ][0m UnaryExprLength
[92m[ PASS ][0m UnaryExprUnaryString
[92m[ PASS ][0m StatementConditionalWhile.NotBoolCond
[92m[ PASS ][0m BinaryExprArrayInOp
[92m[ PASS ][0m StatementConditionalIf.NotBoolCond
[92m[ PASS ][0m UnaryExprNotInt"
aneema,2023-03-10,17:35:01,50.0,50.0,"[92m[ PASS ][0m NoMain
[92m[ PASS ][0m NestedIf
[92m[ PASS ][0m TwoClasses
[92m[ PASS ][0m NewMain
[92m[ PASS ][0m MultipleErrorsCombined
[92m[ PASS ][0m MultipleErrorsDoubleDecl
[92m[ PASS ][0m StatementScopeRedefineSym
[92m[ PASS ][0m LiteralExprIntToArray
[92m[ PASS ][0m StatementReturnWrongType
[92m[ PASS ][0m UnaryExprUnaryBool
[92m[ PASS ][0m StatementMethodCallWrongTypes
[92m[ PASS ][0m StatementVarDeclCheckArgs
[92m[ PASS ][0m LValExprDiffType
[92m[ PASS ][0m ParseIntNotString
[92m[ PASS ][0m MethodDeclWrongType
[92m[ PASS ][0m StatementVarDeclRedefinition
[92m[ PASS ][0m StatementScopeRedefinition
[92m[ PASS ][0m BinaryExprLogicalToBool
[92m[ PASS ][0m StaticVarDeclTypeStillRequired
[92m[ PASS ][0m NewExprDifferentNewType
[92m[ PASS ][0m BinaryExprIntInBool
[92m[ PASS ][0m BinaryExprInvalidOperand
[92m[ PASS ][0m LiteralExprBoolToInt
[92m[ PASS ][0m StatementPrintBadExpr2
[92m[ PASS ][0m MultipleErrorsVarDecl
[92m[ PASS ][0m MethodDeclBadReturnType
[92m[ PASS ][0m StatementAssignWrongTypes
[92m[ PASS ][0m MethodDeclAssignMethod2
[92m[ PASS ][0m StatementPrintBadExpr
[92m[ PASS ][0m MethodDeclBadExprInCall
[92m[ PASS ][0m MethodDeclAssignMethod
[92m[ PASS ][0m MethodDeclRedefinition
[92m[ PASS ][0m MethodDeclTooFewArgs
[92m[ PASS ][0m StatementAssignBadLValue
[92m[ PASS ][0m UnaryExprNotEvalBool
[92m[ PASS ][0m NewExprBoolInNew
[92m[ PASS ][0m StaticVarDeclRedefinition
[92m[ PASS ][0m NewExprArrayInNew
[92m[ PASS ][0m LValExprTooManyBrackets
[92m[ PASS ][0m MultipleErrorsStaticVars
[92m[ PASS ][0m StatementAssignBadExpr
[92m[ PASS ][0m StatementAssignBadLValue2
[92m[ PASS ][0m MethodDeclAssignIntToBool
[92m[ PASS ][0m StatementConditionalRecurseError
[92m[ PASS ][0m UnaryExprLength
[92m[ PASS ][0m UnaryExprUnaryString
[92m[ PASS ][0m StatementConditionalWhile.NotBoolCond
[92m[ PASS ][0m BinaryExprArrayInOp
[92m[ PASS ][0m StatementConditionalIf.NotBoolCond
[92m[ PASS ][0m UnaryExprNotInt"
aravadha,2023-03-12,21:38:02,50.0,4.0,"[92m[ PASS ][0m NoMain
[92m[ PASS ][0m NestedIf
[92m[ PASS ][0m TwoClasses
[92m[ PASS ][0m NewMain
[91m[ FAIL ][0m MultipleErrorsCombined
Got error: 'b'''
Expected : 'b'Type violation in line 14\nType violation in line 15\nType violation in line 16\nType violation in line 17\nType violation in line 18\n''
Run './parser /homes/cs352/Spring23/Grading/tarindu/p2test/tests/testcases/type/MultipleErrorsCombined.java'
[91m[ FAIL ][0m MultipleErrorsDoubleDecl
Got error: 'b'''
Expected : 'b'Type violation in line 9\nType violation in line 10\n''
Run './parser /homes/cs352/Spring23/Grading/tarindu/p2test/tests/testcases/type/MultipleErrorsDoubleDecl.java'
[91m[ FAIL ][0m StatementScopeRedefineSym
Got error: 'b'''
Expected : 'b'Type violation in line 9\n''
Run './parser /homes/cs352/Spring23/Grading/tarindu/p2test/tests/testcases/type/StatementScopeRedefineSym.java'
[91m[ FAIL ][0m LiteralExprIntToArray
Got error: 'b'''
Expected : 'b'Type violation in line 4\n''
Run './parser /homes/cs352/Spring23/Grading/tarindu/p2test/tests/testcases/type/LiteralExprIntToArray.java'
[91m[ FAIL ][0m StatementReturnWrongType
Got error: 'b'''
Expected : 'b'Type violation in line 6\n''
Run './parser /homes/cs352/Spring23/Grading/tarindu/p2test/tests/testcases/type/StatementReturnWrongType.java'
[91m[ FAIL ][0m UnaryExprUnaryBool
Got error: 'b'''
Expected : 'b'Type violation in line 5\n''
Run './parser /homes/cs352/Spring23/Grading/tarindu/p2test/tests/testcases/type/UnaryExprUnaryBool.java'
[91m[ FAIL ][0m StatementMethodCallWrongTypes
Got error: 'b'''
Expected : 'b'Type Violation in Line 7\n''
Run './parser /homes/cs352/Spring23/Grading/tarindu/p2test/tests/testcases/type/StatementMethodCallWrongTypes.java'
[91m[ FAIL ][0m StatementVarDeclCheckArgs
Got error: 'b'''
Expected : 'b'Type violation in line 6\n''
Run './parser /homes/cs352/Spring23/Grading/tarindu/p2test/tests/testcases/type/StatementVarDeclCheckArgs.java'
[91m[ FAIL ][0m LValExprDiffType
Got error: 'b'''
Expected : 'b'Type violation in line 6\n''
Run './parser /homes/cs352/Spring23/Grading/tarindu/p2test/tests/testcases/type/LValExprDiffType.java'
[91m[ FAIL ][0m ParseIntNotString
Got error: 'b'''
Expected : 'b'Type violation in line 6\n''
Run './parser /homes/cs352/Spring23/Grading/tarindu/p2test/tests/testcases/type/ParseIntNotString.java'
[91m[ FAIL ][0m MethodDeclWrongType
Got error: 'b'''
Expected : 'b'Type violation in line 5\n''
Run './parser /homes/cs352/Spring23/Grading/tarindu/p2test/tests/testcases/type/MethodDeclWrongType.java'
[91m[ FAIL ][0m StatementVarDeclRedefinition
Got error: 'b'''
Expected : 'b'Type violation in line 7\n''
Run './parser /homes/cs352/Spring23/Grading/tarindu/p2test/tests/testcases/type/StatementVarDeclRedefinition.java'
[91m[ FAIL ][0m StatementScopeRedefinition
Got error: 'b'''
Expected : 'b'Type violation in line 8\n''
Run './parser /homes/cs352/Spring23/Grading/tarindu/p2test/tests/testcases/type/StatementScopeRedefinition.java'
[91m[ FAIL ][0m BinaryExprLogicalToBool
Got error: 'b'''
Expected : 'b'Type violation in line 5\n''
Run './parser /homes/cs352/Spring23/Grading/tarindu/p2test/tests/testcases/type/BinaryExprLogicalToBool.java'
[91m[ FAIL ][0m StaticVarDeclTypeStillRequired
Got error: 'b'''
Expected : 'b'Type violation in line 5\n''
Run './parser /homes/cs352/Spring23/Grading/tarindu/p2test/tests/testcases/type/StaticVarDeclTypeStillRequired.java'
[91m[ FAIL ][0m NewExprDifferentNewType
Got error: 'b'''
Expected : 'b'Type violation in line 5\n''
Run './parser /homes/cs352/Spring23/Grading/tarindu/p2test/tests/testcases/type/NewExprDifferentNewType.java'
[91m[ FAIL ][0m BinaryExprIntInBool
Got error: 'b'''
Expected : 'b'Type violation in line 7\n''
Run './parser /homes/cs352/Spring23/Grading/tarindu/p2test/tests/testcases/type/BinaryExprIntInBool.java'
[91m[ FAIL ][0m BinaryExprInvalidOperand
Got error: 'b'''
Expected : 'b'Type violation in line 6\n''
Run './parser /homes/cs352/Spring23/Grading/tarindu/p2test/tests/testcases/type/BinaryExprInvalidOperand.java'
[91m[ FAIL ][0m LiteralExprBoolToInt
Got error: 'b'''
Expected : 'b'Type violation in line 5\n''
Run './parser /homes/cs352/Spring23/Grading/tarindu/p2test/tests/testcases/type/LiteralExprBoolToInt.java'
[91m[ FAIL ][0m StatementPrintBadExpr2
Got error: 'b'''
Expected : 'b'Type violation in line 6\n''
Run './parser /homes/cs352/Spring23/Grading/tarindu/p2test/tests/testcases/type/StatementPrintBadExpr2.java'
[91m[ FAIL ][0m MultipleErrorsVarDecl
Got error: 'b'''
Type violation in line 5 
Type violation in line 7 
Type violation in line 5 
Type violation in line 8 
Type violation in line 8 
Type violation in line 5 
Type violation in line 6 
Type violation in line 7 
Type violation in line 5 
Type violation in line 6 
Type violation in line 5 
Type violation in line 6 
Type violation in line 8 
Type violation in line 9 
Type violation in line 9 
Type violation in line 6 
Type violation in line 5 
Type violation in line 7 
Type violation in line 6 
Type violation in line 5 
Type violation in line 6 
Type violation in line 7 
Type violation in line 6 
Type violation in line 5 
Expected : 'b'Type violation in line 19\nType violation in line 20\nType violation in line 21\nType violation in line 21\nType violation in line 21\n''
Run './parser /homes/cs352/Spring23/Grading/tarindu/p2test/tests/testcases/type/MultipleErrorsVarDecl.java'
[91m[ FAIL ][0m MethodDeclBadReturnType
Got error: 'b'''
Expected : 'b'Type violation in line 5\n''
Run './parser /homes/cs352/Spring23/Grading/tarindu/p2test/tests/testcases/type/MethodDeclBadReturnType.java'
[91m[ FAIL ][0m StatementAssignWrongTypes
Got error: 'b'''
Expected : 'b'Type violation in line 7\n''
Run './parser /homes/cs352/Spring23/Grading/tarindu/p2test/tests/testcases/type/StatementAssignWrongTypes.java'
[91m[ FAIL ][0m MethodDeclAssignMethod2
Got error: 'b'''
Expected : 'b'Type violation in line 5\n''
Run './parser /homes/cs352/Spring23/Grading/tarindu/p2test/tests/testcases/type/MethodDeclAssignMethod2.java'
[91m[ FAIL ][0m StatementPrintBadExpr
Got error: 'b'''
Expected : 'b'Type violation in line 8\n''
Run './parser /homes/cs352/Spring23/Grading/tarindu/p2test/tests/testcases/type/StatementPrintBadExpr.java'
[91m[ FAIL ][0m MethodDeclBadExprInCall
Got error: 'b'''
Expected : 'b'Type violation in line 8\n''
Run './parser /homes/cs352/Spring23/Grading/tarindu/p2test/tests/testcases/type/MethodDeclBadExprInCall.java'
[91m[ FAIL ][0m MethodDeclAssignMethod
Got error: 'b'''
Expected : 'b'Type violation in line 5\n''
Run './parser /homes/cs352/Spring23/Grading/tarindu/p2test/tests/testcases/type/MethodDeclAssignMethod.java'
[91m[ FAIL ][0m MethodDeclRedefinition
Got error: 'b'''
Expected : 'b'Type violation in line 6\n''
Run './parser /homes/cs352/Spring23/Grading/tarindu/p2test/tests/testcases/type/MethodDeclRedefinition.java'
[91m[ FAIL ][0m MethodDeclTooFewArgs
Got error: 'b'''
Expected : 'b'Type violation in line 6\n''
Run './parser /homes/cs352/Spring23/Grading/tarindu/p2test/tests/testcases/type/MethodDeclTooFewArgs.java'
[91m[ FAIL ][0m StatementAssignBadLValue
Got error: 'b'''
Expected : 'b'Type violation in line 7\n''
Run './parser /homes/cs352/Spring23/Grading/tarindu/p2test/tests/testcases/type/StatementAssignBadLValue.java'
[91m[ FAIL ][0m UnaryExprNotEvalBool
Got error: 'b'''
Expected : 'b'Type violation in line 5\n''
Run './parser /homes/cs352/Spring23/Grading/tarindu/p2test/tests/testcases/type/UnaryExprNotEvalBool.java'
[91m[ FAIL ][0m NewExprBoolInNew
Got error: 'b'''
Expected : 'b'Type violation in line 5\n''
Run './parser /homes/cs352/Spring23/Grading/tarindu/p2test/tests/testcases/type/NewExprBoolInNew.java'
[91m[ FAIL ][0m StaticVarDeclRedefinition
Got error: 'b'''
Expected : 'b'Type violation in line 6\n''
Run './parser /homes/cs352/Spring23/Grading/tarindu/p2test/tests/testcases/type/StaticVarDeclRedefinition.java'
[91m[ FAIL ][0m NewExprArrayInNew
Got error: 'b'''
Expected : 'b'Type violation in line 5\n''
Run './parser /homes/cs352/Spring23/Grading/tarindu/p2test/tests/testcases/type/NewExprArrayInNew.java'
[91m[ FAIL ][0m LValExprTooManyBrackets
Got error: 'b'''
Expected : 'b'Type violation in line 6\n''
Run './parser /homes/cs352/Spring23/Grading/tarindu/p2test/tests/testcases/type/LValExprTooManyBrackets.java'
[91m[ FAIL ][0m MultipleErrorsStaticVars
Got error: 'b'''
Expected : 'b'Type violation in line 8\nType violation in line 9\n''
Run './parser /homes/cs352/Spring23/Grading/tarindu/p2test/tests/testcases/type/MultipleErrorsStaticVars.java'
[91m[ FAIL ][0m StatementAssignBadExpr
Got error: 'b'''
Expected : 'b'Type violation in line 9\n''
Run './parser /homes/cs352/Spring23/Grading/tarindu/p2test/tests/testcases/type/StatementAssignBadExpr.java'
[91m[ FAIL ][0m StatementAssignBadLValue2
Got error: 'b'''
Expected : 'b'Type Violation in Line 6\n''
Run './parser /homes/cs352/Spring23/Grading/tarindu/p2test/tests/testcases/type/StatementAssignBadLValue2.java'
[91m[ FAIL ][0m MethodDeclAssignIntToBool
Got error: 'b'''
Expected : 'b'Type Violation in Line 5\n''
Run './parser /homes/cs352/Spring23/Grading/tarindu/p2test/tests/testcases/type/MethodDeclAssignIntToBool.java'
[91m[ FAIL ][0m StatementConditionalRecurseError
Got error: 'b'''
Expected : 'b'Type violation in line 7\n''
Run './parser /homes/cs352/Spring23/Grading/tarindu/p2test/tests/testcases/type/StatementConditionalRecurseError.java'
[91m[ FAIL ][0m UnaryExprLength
Got error: 'b'''
Expected : 'b'Type violation in line 6\n''
Run './parser /homes/cs352/Spring23/Grading/tarindu/p2test/tests/testcases/type/UnaryExprLength.java'
[91m[ FAIL ][0m UnaryExprUnaryString
Got error: 'b'''
Expected : 'b'Type violation in line 5\n''
Run './parser /homes/cs352/Spring23/Grading/tarindu/p2test/tests/testcases/type/UnaryExprUnaryString.java'
[91m[ FAIL ][0m StatementConditionalWhile.NotBoolCond
Got error: 'b'''
Expected : 'b'Type violation in line 6\n''
Run './parser /homes/cs352/Spring23/Grading/tarindu/p2test/tests/testcases/type/StatementConditionalWhile.NotBoolCond.java'
[91m[ FAIL ][0m BinaryExprArrayInOp
Got error: 'b'''
Expected : 'b'Type violation in line 7\n''
Run './parser /homes/cs352/Spring23/Grading/tarindu/p2test/tests/testcases/type/BinaryExprArrayInOp.java'
[91m[ FAIL ][0m StatementConditionalIf.NotBoolCond
Got error: 'b'''
Expected : 'b'Type violation in line 6\n''
Run './parser /homes/cs352/Spring23/Grading/tarindu/p2test/tests/testcases/type/StatementConditionalIf.NotBoolCond.java'
[91m[ FAIL ][0m UnaryExprNotInt
Got error: 'b'''
Expected : 'b'Type violation in line 5\n''
Run './parser /homes/cs352/Spring23/Grading/tarindu/p2test/tests/testcases/type/UnaryExprNotInt.java'"
brupp,2023-03-15,23:59:40,50.0,47.0,"[92m[ PASS ][0m NoMain
[92m[ PASS ][0m NestedIf
[92m[ PASS ][0m TwoClasses
[92m[ PASS ][0m NewMain
[92m[ PASS ][0m MultipleErrorsCombined
[92m[ PASS ][0m MultipleErrorsDoubleDecl
[92m[ PASS ][0m StatementScopeRedefineSym
[92m[ PASS ][0m LiteralExprIntToArray
[91m[ FAIL ][0m StatementReturnWrongType
Got error: 'b'''
Expected : 'b'Type violation in line 6\n''
Run './parser /homes/cs352/Spring23/Grading/tarindu/p2test/tests/testcases/type/StatementReturnWrongType.java'
[92m[ PASS ][0m UnaryExprUnaryBool
[92m[ PASS ][0m StatementMethodCallWrongTypes
[92m[ PASS ][0m StatementVarDeclCheckArgs
[92m[ PASS ][0m LValExprDiffType
[92m[ PASS ][0m ParseIntNotString
[92m[ PASS ][0m MethodDeclWrongType
[92m[ PASS ][0m StatementVarDeclRedefinition
[92m[ PASS ][0m StatementScopeRedefinition
[92m[ PASS ][0m BinaryExprLogicalToBool
[91m[ FAIL ][0m StaticVarDeclTypeStillRequired
Got error: 'b'''
Expected : 'b'Type violation in line 5\n''
Run './parser /homes/cs352/Spring23/Grading/tarindu/p2test/tests/testcases/type/StaticVarDeclTypeStillRequired.java'
[92m[ PASS ][0m NewExprDifferentNewType
[92m[ PASS ][0m BinaryExprIntInBool
[92m[ PASS ][0m BinaryExprInvalidOperand
[92m[ PASS ][0m LiteralExprBoolToInt
[92m[ PASS ][0m StatementPrintBadExpr2
[91m[ FAIL ][0m MultipleErrorsVarDecl
Got error: 'b'Type violation in line 19\nType violation in line 20\nType violation in line 21\n''
Expected : 'b'Type violation in line 19\nType violation in line 20\nType violation in line 21\nType violation in line 21\nType violation in line 21\n''
Run './parser /homes/cs352/Spring23/Grading/tarindu/p2test/tests/testcases/type/MultipleErrorsVarDecl.java'
[92m[ PASS ][0m MethodDeclBadReturnType
[92m[ PASS ][0m StatementAssignWrongTypes
[92m[ PASS ][0m MethodDeclAssignMethod2
[92m[ PASS ][0m StatementPrintBadExpr
[92m[ PASS ][0m MethodDeclBadExprInCall
[92m[ PASS ][0m MethodDeclAssignMethod
[92m[ PASS ][0m MethodDeclRedefinition
[92m[ PASS ][0m MethodDeclTooFewArgs
[92m[ PASS ][0m StatementAssignBadLValue
[92m[ PASS ][0m UnaryExprNotEvalBool
[92m[ PASS ][0m NewExprBoolInNew
[92m[ PASS ][0m StaticVarDeclRedefinition
[92m[ PASS ][0m NewExprArrayInNew
[92m[ PASS ][0m LValExprTooManyBrackets
[92m[ PASS ][0m MultipleErrorsStaticVars
[92m[ PASS ][0m StatementAssignBadExpr
[92m[ PASS ][0m StatementAssignBadLValue2
[92m[ PASS ][0m MethodDeclAssignIntToBool
[92m[ PASS ][0m StatementConditionalRecurseError
[92m[ PASS ][0m UnaryExprLength
[92m[ PASS ][0m UnaryExprUnaryString
[92m[ PASS ][0m StatementConditionalWhile.NotBoolCond
[92m[ PASS ][0m BinaryExprArrayInOp
[92m[ PASS ][0m StatementConditionalIf.NotBoolCond
[92m[ PASS ][0m UnaryExprNotInt"
choi493,2023-03-14,22:54:58,16.0,4.0,"[92m[ PASS ][0m NoMain
[92m[ PASS ][0m NestedIf
[92m[ PASS ][0m TwoClasses
[92m[ PASS ][0m NewMain
[91m[ FAIL ][0m MultipleErrorsCombined
Got error: 'b'Syntax errors in line 14\n''
Expected : 'b'Type violation in line 14\nType violation in line 15\nType violation in line 16\nType violation in line 17\nType violation in line 18\n''
Run './parser /homes/cs352/Spring23/Grading/tarindu/p2test/tests/testcases/type/MultipleErrorsCombined.java'
[91m[ FAIL ][0m MultipleErrorsDoubleDecl
Got error: 'b'Syntax errors in line 8\n''
Expected : 'b'Type violation in line 9\nType violation in line 10\n''
Run './parser /homes/cs352/Spring23/Grading/tarindu/p2test/tests/testcases/type/MultipleErrorsDoubleDecl.java'
[91m[ FAIL ][0m StatementScopeRedefineSym
Got error: 'b'''
Expected : 'b'Type violation in line 9\n''
Run './parser /homes/cs352/Spring23/Grading/tarindu/p2test/tests/testcases/type/StatementScopeRedefineSym.java'
[91m[ FAIL ][0m LiteralExprIntToArray
Got error: 'b'Syntax errors in line 4\n''
Expected : 'b'Type violation in line 4\n''
Run './parser /homes/cs352/Spring23/Grading/tarindu/p2test/tests/testcases/type/LiteralExprIntToArray.java'
[91m[ FAIL ][0m StatementReturnWrongType
Got error: 'b'''
Expected : 'b'Type violation in line 6\n''
Run './parser /homes/cs352/Spring23/Grading/tarindu/p2test/tests/testcases/type/StatementReturnWrongType.java'
[91m[ FAIL ][0m UnaryExprUnaryBool
Got error: 'b'Syntax errors in line 5\n''
Expected : 'b'Type violation in line 5\n''
Run './parser /homes/cs352/Spring23/Grading/tarindu/p2test/tests/testcases/type/UnaryExprUnaryBool.java'
[91m[ FAIL ][0m StatementMethodCallWrongTypes
Got error: 'b'Syntax errors in line 5\n''
Expected : 'b'Type Violation in Line 7\n''
Run './parser /homes/cs352/Spring23/Grading/tarindu/p2test/tests/testcases/type/StatementMethodCallWrongTypes.java'
[91m[ FAIL ][0m StatementVarDeclCheckArgs
Got error: 'b'''
Expected : 'b'Type violation in line 6\n''
Run './parser /homes/cs352/Spring23/Grading/tarindu/p2test/tests/testcases/type/StatementVarDeclCheckArgs.java'
[91m[ FAIL ][0m LValExprDiffType
Got error: 'b'Syntax errors in line 5\n''
Expected : 'b'Type violation in line 6\n''
Run './parser /homes/cs352/Spring23/Grading/tarindu/p2test/tests/testcases/type/LValExprDiffType.java'
[91m[ FAIL ][0m ParseIntNotString
Got error: 'b'Syntax errors in line 6\n''
Expected : 'b'Type violation in line 6\n''
Run './parser /homes/cs352/Spring23/Grading/tarindu/p2test/tests/testcases/type/ParseIntNotString.java'
[91m[ FAIL ][0m MethodDeclWrongType
Got error: 'b'Syntax errors in line 5\n''
Expected : 'b'Type violation in line 5\n''
Run './parser /homes/cs352/Spring23/Grading/tarindu/p2test/tests/testcases/type/MethodDeclWrongType.java'
[91m[ FAIL ][0m StatementVarDeclRedefinition
Got error: 'b'''
Expected : 'b'Type violation in line 7\n''
Run './parser /homes/cs352/Spring23/Grading/tarindu/p2test/tests/testcases/type/StatementVarDeclRedefinition.java'
[91m[ FAIL ][0m StatementScopeRedefinition
Got error: 'b'''
Expected : 'b'Type violation in line 8\n''
Run './parser /homes/cs352/Spring23/Grading/tarindu/p2test/tests/testcases/type/StatementScopeRedefinition.java'
[91m[ FAIL ][0m BinaryExprLogicalToBool
Got error: 'b'Syntax errors in line 5\n''
Expected : 'b'Type violation in line 5\n''
Run './parser /homes/cs352/Spring23/Grading/tarindu/p2test/tests/testcases/type/BinaryExprLogicalToBool.java'
[91m[ FAIL ][0m StaticVarDeclTypeStillRequired
Got error: 'b'Syntax errors in line 5\n''
Expected : 'b'Type violation in line 5\n''
Run './parser /homes/cs352/Spring23/Grading/tarindu/p2test/tests/testcases/type/StaticVarDeclTypeStillRequired.java'
[91m[ FAIL ][0m NewExprDifferentNewType
Got error: 'b'Syntax errors in line 5\n''
Expected : 'b'Type violation in line 5\n''
Run './parser /homes/cs352/Spring23/Grading/tarindu/p2test/tests/testcases/type/NewExprDifferentNewType.java'
[91m[ FAIL ][0m BinaryExprIntInBool
Got error: 'b'Syntax errors in line 7\n''
Expected : 'b'Type violation in line 7\n''
Run './parser /homes/cs352/Spring23/Grading/tarindu/p2test/tests/testcases/type/BinaryExprIntInBool.java'
[91m[ FAIL ][0m BinaryExprInvalidOperand
Got error: 'b'Syntax errors in line 6\n''
Expected : 'b'Type violation in line 6\n''
Run './parser /homes/cs352/Spring23/Grading/tarindu/p2test/tests/testcases/type/BinaryExprInvalidOperand.java'
[91m[ FAIL ][0m LiteralExprBoolToInt
Got error: 'b'Syntax errors in line 5\n''
Expected : 'b'Type violation in line 5\n''
Run './parser /homes/cs352/Spring23/Grading/tarindu/p2test/tests/testcases/type/LiteralExprBoolToInt.java'
[91m[ FAIL ][0m StatementPrintBadExpr2
Got error: 'b'''
Expected : 'b'Type violation in line 6\n''
Run './parser /homes/cs352/Spring23/Grading/tarindu/p2test/tests/testcases/type/StatementPrintBadExpr2.java'
[91m[ FAIL ][0m MultipleErrorsVarDecl
Got error: 'b'Syntax errors in line 17\n''
Expected : 'b'Type violation in line 19\nType violation in line 20\nType violation in line 21\nType violation in line 21\nType violation in line 21\n''
Run './parser /homes/cs352/Spring23/Grading/tarindu/p2test/tests/testcases/type/MultipleErrorsVarDecl.java'
[91m[ FAIL ][0m MethodDeclBadReturnType
Got error: 'b'Syntax errors in line 5\n''
Expected : 'b'Type violation in line 5\n''
Run './parser /homes/cs352/Spring23/Grading/tarindu/p2test/tests/testcases/type/MethodDeclBadReturnType.java'
[91m[ FAIL ][0m StatementAssignWrongTypes
Got error: 'b'Syntax errors in line 7\n''
Expected : 'b'Type violation in line 7\n''
Run './parser /homes/cs352/Spring23/Grading/tarindu/p2test/tests/testcases/type/StatementAssignWrongTypes.java'
[91m[ FAIL ][0m MethodDeclAssignMethod2
Got error: 'b'Syntax errors in line 5\n''
Expected : 'b'Type violation in line 5\n''
Run './parser /homes/cs352/Spring23/Grading/tarindu/p2test/tests/testcases/type/MethodDeclAssignMethod2.java'
[91m[ FAIL ][0m StatementPrintBadExpr
Got error: 'b'''
Expected : 'b'Type violation in line 8\n''
Run './parser /homes/cs352/Spring23/Grading/tarindu/p2test/tests/testcases/type/StatementPrintBadExpr.java'
[91m[ FAIL ][0m MethodDeclBadExprInCall
Got error: 'b'Syntax errors in line 8\n''
Expected : 'b'Type violation in line 8\n''
Run './parser /homes/cs352/Spring23/Grading/tarindu/p2test/tests/testcases/type/MethodDeclBadExprInCall.java'
[91m[ FAIL ][0m MethodDeclAssignMethod
Got error: 'b'Syntax errors in line 5\n''
Expected : 'b'Type violation in line 5\n''
Run './parser /homes/cs352/Spring23/Grading/tarindu/p2test/tests/testcases/type/MethodDeclAssignMethod.java'
[91m[ FAIL ][0m MethodDeclRedefinition
Got error: 'b'''
Expected : 'b'Type violation in line 6\n''
Run './parser /homes/cs352/Spring23/Grading/tarindu/p2test/tests/testcases/type/MethodDeclRedefinition.java'
[91m[ FAIL ][0m MethodDeclTooFewArgs
Got error: 'b'Syntax errors in line 6\n''
Expected : 'b'Type violation in line 6\n''
Run './parser /homes/cs352/Spring23/Grading/tarindu/p2test/tests/testcases/type/MethodDeclTooFewArgs.java'
[91m[ FAIL ][0m StatementAssignBadLValue
Got error: 'b'Syntax errors in line 7\n''
Expected : 'b'Type violation in line 7\n''
Run './parser /homes/cs352/Spring23/Grading/tarindu/p2test/tests/testcases/type/StatementAssignBadLValue.java'
[91m[ FAIL ][0m UnaryExprNotEvalBool
Got error: 'b'Syntax errors in line 5\n''
Expected : 'b'Type violation in line 5\n''
Run './parser /homes/cs352/Spring23/Grading/tarindu/p2test/tests/testcases/type/UnaryExprNotEvalBool.java'
[91m[ FAIL ][0m NewExprBoolInNew
Got error: 'b'Syntax errors in line 5\n''
Expected : 'b'Type violation in line 5\n''
Run './parser /homes/cs352/Spring23/Grading/tarindu/p2test/tests/testcases/type/NewExprBoolInNew.java'
[91m[ FAIL ][0m StaticVarDeclRedefinition
Got error: 'b'Syntax errors in line 5\n''
Expected : 'b'Type violation in line 6\n''
Run './parser /homes/cs352/Spring23/Grading/tarindu/p2test/tests/testcases/type/StaticVarDeclRedefinition.java'
[91m[ FAIL ][0m NewExprArrayInNew
Got error: 'b'Syntax errors in line 5\n''
Expected : 'b'Type violation in line 5\n''
Run './parser /homes/cs352/Spring23/Grading/tarindu/p2test/tests/testcases/type/NewExprArrayInNew.java'
[91m[ FAIL ][0m LValExprTooManyBrackets
Got error: 'b'Syntax errors in line 5\n''
Expected : 'b'Type violation in line 6\n''
Run './parser /homes/cs352/Spring23/Grading/tarindu/p2test/tests/testcases/type/LValExprTooManyBrackets.java'
[91m[ FAIL ][0m MultipleErrorsStaticVars
Got error: 'b'Syntax errors in line 8\n''
Expected : 'b'Type violation in line 8\nType violation in line 9\n''
Run './parser /homes/cs352/Spring23/Grading/tarindu/p2test/tests/testcases/type/MultipleErrorsStaticVars.java'
[91m[ FAIL ][0m StatementAssignBadExpr
Got error: 'b'Syntax errors in line 9\n''
Expected : 'b'Type violation in line 9\n''
Run './parser /homes/cs352/Spring23/Grading/tarindu/p2test/tests/testcases/type/StatementAssignBadExpr.java'
[91m[ FAIL ][0m StatementAssignBadLValue2
Got error: 'b'''
Expected : 'b'Type Violation in Line 6\n''
Run './parser /homes/cs352/Spring23/Grading/tarindu/p2test/tests/testcases/type/StatementAssignBadLValue2.java'
[91m[ FAIL ][0m MethodDeclAssignIntToBool
Got error: 'b'Syntax errors in line 5\n''
Expected : 'b'Type Violation in Line 5\n''
Run './parser /homes/cs352/Spring23/Grading/tarindu/p2test/tests/testcases/type/MethodDeclAssignIntToBool.java'
[91m[ FAIL ][0m StatementConditionalRecurseError
Got error: 'b'''
Expected : 'b'Type violation in line 7\n''
Run './parser /homes/cs352/Spring23/Grading/tarindu/p2test/tests/testcases/type/StatementConditionalRecurseError.java'
[91m[ FAIL ][0m UnaryExprLength
Got error: 'b'Syntax errors in line 5\n''
Expected : 'b'Type violation in line 6\n''
Run './parser /homes/cs352/Spring23/Grading/tarindu/p2test/tests/testcases/type/UnaryExprLength.java'
[91m[ FAIL ][0m UnaryExprUnaryString
Got error: 'b'Syntax errors in line 5\n''
Expected : 'b'Type violation in line 5\n''
Run './parser /homes/cs352/Spring23/Grading/tarindu/p2test/tests/testcases/type/UnaryExprUnaryString.java'
[91m[ FAIL ][0m StatementConditionalWhile.NotBoolCond
Got error: 'b'''
Expected : 'b'Type violation in line 6\n''
Run './parser /homes/cs352/Spring23/Grading/tarindu/p2test/tests/testcases/type/StatementConditionalWhile.NotBoolCond.java'
[91m[ FAIL ][0m BinaryExprArrayInOp
Got error: 'b'Syntax errors in line 7\n''
Expected : 'b'Type violation in line 7\n''
Run './parser /homes/cs352/Spring23/Grading/tarindu/p2test/tests/testcases/type/BinaryExprArrayInOp.java'
[91m[ FAIL ][0m StatementConditionalIf.NotBoolCond
Got error: 'b'''
Expected : 'b'Type violation in line 6\n''
Run './parser /homes/cs352/Spring23/Grading/tarindu/p2test/tests/testcases/type/StatementConditionalIf.NotBoolCond.java'
[91m[ FAIL ][0m UnaryExprNotInt
Got error: 'b'Syntax errors in line 5\n''
Expected : 'b'Type violation in line 5\n''
Run './parser /homes/cs352/Spring23/Grading/tarindu/p2test/tests/testcases/type/UnaryExprNotInt.java'"
ding256,2023-03-15,22:56:01,50.0,48.0,"[92m[ PASS ][0m NoMain
[92m[ PASS ][0m NestedIf
[92m[ PASS ][0m TwoClasses
[92m[ PASS ][0m NewMain
[92m[ PASS ][0m MultipleErrorsCombined
[92m[ PASS ][0m MultipleErrorsDoubleDecl
[92m[ PASS ][0m StatementScopeRedefineSym
[92m[ PASS ][0m LiteralExprIntToArray
[91m[ FAIL ][0m StatementReturnWrongType
Got error: 'b'''
Expected : 'b'Type violation in line 6\n''
Run './parser /homes/cs352/Spring23/Grading/tarindu/p2test/tests/testcases/type/StatementReturnWrongType.java'
[92m[ PASS ][0m UnaryExprUnaryBool
[92m[ PASS ][0m StatementMethodCallWrongTypes
[92m[ PASS ][0m StatementVarDeclCheckArgs
[92m[ PASS ][0m LValExprDiffType
[92m[ PASS ][0m ParseIntNotString
[92m[ PASS ][0m MethodDeclWrongType
[92m[ PASS ][0m StatementVarDeclRedefinition
[92m[ PASS ][0m StatementScopeRedefinition
[92m[ PASS ][0m BinaryExprLogicalToBool
[92m[ PASS ][0m StaticVarDeclTypeStillRequired
[92m[ PASS ][0m NewExprDifferentNewType
[92m[ PASS ][0m BinaryExprIntInBool
[92m[ PASS ][0m BinaryExprInvalidOperand
[92m[ PASS ][0m LiteralExprBoolToInt
[92m[ PASS ][0m StatementPrintBadExpr2
[91m[ FAIL ][0m MultipleErrorsVarDecl
Got error: 'b'Type violation in line 19\nType violation in line 20\nType violation in line 21\nType violation in line 21\n''
Expected : 'b'Type violation in line 19\nType violation in line 20\nType violation in line 21\nType violation in line 21\nType violation in line 21\n''
Run './parser /homes/cs352/Spring23/Grading/tarindu/p2test/tests/testcases/type/MultipleErrorsVarDecl.java'
[92m[ PASS ][0m MethodDeclBadReturnType
[92m[ PASS ][0m StatementAssignWrongTypes
[92m[ PASS ][0m MethodDeclAssignMethod2
[92m[ PASS ][0m StatementPrintBadExpr
[92m[ PASS ][0m MethodDeclBadExprInCall
[92m[ PASS ][0m MethodDeclAssignMethod
[92m[ PASS ][0m MethodDeclRedefinition
[92m[ PASS ][0m MethodDeclTooFewArgs
[92m[ PASS ][0m StatementAssignBadLValue
[92m[ PASS ][0m UnaryExprNotEvalBool
[92m[ PASS ][0m NewExprBoolInNew
[92m[ PASS ][0m StaticVarDeclRedefinition
[92m[ PASS ][0m NewExprArrayInNew
[92m[ PASS ][0m LValExprTooManyBrackets
[92m[ PASS ][0m MultipleErrorsStaticVars
[92m[ PASS ][0m StatementAssignBadExpr
[92m[ PASS ][0m StatementAssignBadLValue2
[92m[ PASS ][0m MethodDeclAssignIntToBool
[92m[ PASS ][0m StatementConditionalRecurseError
[92m[ PASS ][0m UnaryExprLength
[92m[ PASS ][0m UnaryExprUnaryString
[92m[ PASS ][0m StatementConditionalWhile.NotBoolCond
[92m[ PASS ][0m BinaryExprArrayInOp
[92m[ PASS ][0m StatementConditionalIf.NotBoolCond
[92m[ PASS ][0m UnaryExprNotInt"
eafalck,2023-03-08,19:21:44,50.0,46.0,"[92m[ PASS ][0m NoMain
[92m[ PASS ][0m NestedIf
[92m[ PASS ][0m TwoClasses
[92m[ PASS ][0m NewMain
[91m[ FAIL ][0m MultipleErrorsCombined
Got error: 'b'Type violation in line 14\nType violation in line 15\n''
Expected : 'b'Type violation in line 14\nType violation in line 15\nType violation in line 16\nType violation in line 17\nType violation in line 18\n''
Run './parser /homes/cs352/Spring23/Grading/tarindu/p2test/tests/testcases/type/MultipleErrorsCombined.java'
[91m[ FAIL ][0m MultipleErrorsDoubleDecl
Got error: 'b'''
Expected : 'b'Type violation in line 9\nType violation in line 10\n''
Run './parser /homes/cs352/Spring23/Grading/tarindu/p2test/tests/testcases/type/MultipleErrorsDoubleDecl.java'
[92m[ PASS ][0m StatementScopeRedefineSym
[92m[ PASS ][0m LiteralExprIntToArray
[92m[ PASS ][0m StatementReturnWrongType
[92m[ PASS ][0m UnaryExprUnaryBool
[92m[ PASS ][0m StatementMethodCallWrongTypes
[92m[ PASS ][0m StatementVarDeclCheckArgs
[92m[ PASS ][0m LValExprDiffType
[92m[ PASS ][0m ParseIntNotString
[92m[ PASS ][0m MethodDeclWrongType
[92m[ PASS ][0m StatementVarDeclRedefinition
[92m[ PASS ][0m StatementScopeRedefinition
[92m[ PASS ][0m BinaryExprLogicalToBool
[92m[ PASS ][0m StaticVarDeclTypeStillRequired
[92m[ PASS ][0m NewExprDifferentNewType
[92m[ PASS ][0m BinaryExprIntInBool
[92m[ PASS ][0m BinaryExprInvalidOperand
[92m[ PASS ][0m LiteralExprBoolToInt
[92m[ PASS ][0m StatementPrintBadExpr2
[91m[ FAIL ][0m MultipleErrorsVarDecl
Got error: 'b'Type violation in line 20\nType violation in line 21\nType violation in line 21\n''
Expected : 'b'Type violation in line 19\nType violation in line 20\nType violation in line 21\nType violation in line 21\nType violation in line 21\n''
Run './parser /homes/cs352/Spring23/Grading/tarindu/p2test/tests/testcases/type/MultipleErrorsVarDecl.java'
[92m[ PASS ][0m MethodDeclBadReturnType
[92m[ PASS ][0m StatementAssignWrongTypes
[92m[ PASS ][0m MethodDeclAssignMethod2
[92m[ PASS ][0m StatementPrintBadExpr
[92m[ PASS ][0m MethodDeclBadExprInCall
[92m[ PASS ][0m MethodDeclAssignMethod
[92m[ PASS ][0m MethodDeclRedefinition
[92m[ PASS ][0m MethodDeclTooFewArgs
[92m[ PASS ][0m StatementAssignBadLValue
[92m[ PASS ][0m UnaryExprNotEvalBool
[92m[ PASS ][0m NewExprBoolInNew
[91m[ FAIL ][0m StaticVarDeclRedefinition
Got error: 'b'''
Expected : 'b'Type violation in line 6\n''
Run './parser /homes/cs352/Spring23/Grading/tarindu/p2test/tests/testcases/type/StaticVarDeclRedefinition.java'
[92m[ PASS ][0m NewExprArrayInNew
[92m[ PASS ][0m LValExprTooManyBrackets
[92m[ PASS ][0m MultipleErrorsStaticVars
[92m[ PASS ][0m StatementAssignBadExpr
[92m[ PASS ][0m StatementAssignBadLValue2
[92m[ PASS ][0m MethodDeclAssignIntToBool
[92m[ PASS ][0m StatementConditionalRecurseError
[92m[ PASS ][0m UnaryExprLength
[92m[ PASS ][0m UnaryExprUnaryString
[92m[ PASS ][0m StatementConditionalWhile.NotBoolCond
[92m[ PASS ][0m BinaryExprArrayInOp
[92m[ PASS ][0m StatementConditionalIf.NotBoolCond
[92m[ PASS ][0m UnaryExprNotInt"
edetoled,2023-03-13,23:43:02,46.0,27.0,"[92m[ PASS ][0m NoMain
[91m[ FAIL ][0m NestedIf
Got error: 'b'Syntax errors in line 5\n''
Expected : 'b'Syntax errors in line 8\n''
Run './parser /homes/cs352/Spring23/Grading/tarindu/p2test/tests/testcases/syntax/NestedIf.java'
[92m[ PASS ][0m TwoClasses
[92m[ PASS ][0m NewMain
[91m[ FAIL ][0m MultipleErrorsCombined
Got error: 'b'Type Violation in Line 14Type Violation in Line 15Type Violation in Line 16Type Violation in Line 16Type Violation in Line 17Type Violation in Line 17Type Violation in Line 18Type Violation in Line 18''
Expected : 'b'Type violation in line 14\nType violation in line 15\nType violation in line 16\nType violation in line 17\nType violation in line 18\n''
Run './parser /homes/cs352/Spring23/Grading/tarindu/p2test/tests/testcases/type/MultipleErrorsCombined.java'
[91m[ FAIL ][0m MultipleErrorsDoubleDecl
Got error: 'b'Type Violation in Line 9Type Violation in Line 9Type Violation in Line 10Type Violation in Line 10''
Expected : 'b'Type violation in line 9\nType violation in line 10\n''
Run './parser /homes/cs352/Spring23/Grading/tarindu/p2test/tests/testcases/type/MultipleErrorsDoubleDecl.java'
[91m[ FAIL ][0m StatementScopeRedefineSym
Got error: 'b'''
Expected : 'b'Type violation in line 9\n''
Run './parser /homes/cs352/Spring23/Grading/tarindu/p2test/tests/testcases/type/StatementScopeRedefineSym.java'
[92m[ PASS ][0m LiteralExprIntToArray
[91m[ FAIL ][0m StatementReturnWrongType
Got error: 'b'''
Expected : 'b'Type violation in line 6\n''
Run './parser /homes/cs352/Spring23/Grading/tarindu/p2test/tests/testcases/type/StatementReturnWrongType.java'
[91m[ FAIL ][0m UnaryExprUnaryBool
Got error: 'b'Type Violation in Line 5Type Violation in Line 5''
Expected : 'b'Type violation in line 5\n''
Run './parser /homes/cs352/Spring23/Grading/tarindu/p2test/tests/testcases/type/UnaryExprUnaryBool.java'
[91m[ FAIL ][0m StatementMethodCallWrongTypes
Got error: 'b'''
Expected : 'b'Type Violation in Line 7\n''
Run './parser /homes/cs352/Spring23/Grading/tarindu/p2test/tests/testcases/type/StatementMethodCallWrongTypes.java'
[92m[ PASS ][0m StatementVarDeclCheckArgs
[91m[ FAIL ][0m LValExprDiffType
Got error: 'b'Type Violation in Line 5Type Violation in Line 6''
Expected : 'b'Type violation in line 6\n''
Run './parser /homes/cs352/Spring23/Grading/tarindu/p2test/tests/testcases/type/LValExprDiffType.java'
[91m[ FAIL ][0m ParseIntNotString
Got error: 'b'Syntax errors in line 6\n''
Expected : 'b'Type violation in line 6\n''
Run './parser /homes/cs352/Spring23/Grading/tarindu/p2test/tests/testcases/type/ParseIntNotString.java'
[92m[ PASS ][0m MethodDeclWrongType
[91m[ FAIL ][0m StatementVarDeclRedefinition
Got error: 'b'''
Expected : 'b'Type violation in line 7\n''
Run './parser /homes/cs352/Spring23/Grading/tarindu/p2test/tests/testcases/type/StatementVarDeclRedefinition.java'
[91m[ FAIL ][0m StatementScopeRedefinition
Got error: 'b'''
Expected : 'b'Type violation in line 8\n''
Run './parser /homes/cs352/Spring23/Grading/tarindu/p2test/tests/testcases/type/StatementScopeRedefinition.java'
[91m[ FAIL ][0m BinaryExprLogicalToBool
Got error: 'b'Syntax errors in line 5\n''
Expected : 'b'Type violation in line 5\n''
Run './parser /homes/cs352/Spring23/Grading/tarindu/p2test/tests/testcases/type/BinaryExprLogicalToBool.java'
[92m[ PASS ][0m StaticVarDeclTypeStillRequired
[92m[ PASS ][0m NewExprDifferentNewType
[91m[ FAIL ][0m BinaryExprIntInBool
Got error: 'b'Syntax errors in line 7\n''
Expected : 'b'Type violation in line 7\n''
Run './parser /homes/cs352/Spring23/Grading/tarindu/p2test/tests/testcases/type/BinaryExprIntInBool.java'
[91m[ FAIL ][0m BinaryExprInvalidOperand
Got error: 'b'Type Violation in Line 6Type Violation in Line 6Type Violation in Line 6''
Expected : 'b'Type violation in line 6\n''
Run './parser /homes/cs352/Spring23/Grading/tarindu/p2test/tests/testcases/type/BinaryExprInvalidOperand.java'
[92m[ PASS ][0m LiteralExprBoolToInt
[91m[ FAIL ][0m StatementPrintBadExpr2
Got error: 'b'''
Expected : 'b'Type violation in line 6\n''
Run './parser /homes/cs352/Spring23/Grading/tarindu/p2test/tests/testcases/type/StatementPrintBadExpr2.java'
[91m[ FAIL ][0m MultipleErrorsVarDecl
Got error: 'b'Type Violation in Line 19Type Violation in Line 19Type Violation in Line 20Type Violation in Line 20Type Violation in Line 21''
Expected : 'b'Type violation in line 19\nType violation in line 20\nType violation in line 21\nType violation in line 21\nType violation in line 21\n''
Run './parser /homes/cs352/Spring23/Grading/tarindu/p2test/tests/testcases/type/MultipleErrorsVarDecl.java'
[92m[ PASS ][0m MethodDeclBadReturnType
[92m[ PASS ][0m StatementAssignWrongTypes
[92m[ PASS ][0m MethodDeclAssignMethod2
[92m[ PASS ][0m StatementPrintBadExpr
[92m[ PASS ][0m MethodDeclBadExprInCall
[92m[ PASS ][0m MethodDeclAssignMethod
[92m[ PASS ][0m MethodDeclRedefinition
[92m[ PASS ][0m MethodDeclTooFewArgs
[92m[ PASS ][0m StatementAssignBadLValue
[92m[ PASS ][0m UnaryExprNotEvalBool
[92m[ PASS ][0m NewExprBoolInNew
[92m[ PASS ][0m StaticVarDeclRedefinition
[92m[ PASS ][0m NewExprArrayInNew
[91m[ FAIL ][0m LValExprTooManyBrackets
Got error: 'b'Type Violation in Line 5Type Violation in Line 6''
Expected : 'b'Type violation in line 6\n''
Run './parser /homes/cs352/Spring23/Grading/tarindu/p2test/tests/testcases/type/LValExprTooManyBrackets.java'
[91m[ FAIL ][0m MultipleErrorsStaticVars
Got error: 'b'Type Violation in Line 8Type Violation in Line 9''
Expected : 'b'Type violation in line 8\nType violation in line 9\n''
Run './parser /homes/cs352/Spring23/Grading/tarindu/p2test/tests/testcases/type/MultipleErrorsStaticVars.java'
[91m[ FAIL ][0m StatementAssignBadExpr
Got error: 'b'Type Violation in Line 9Type Violation in Line 9Type Violation in Line 9''
Expected : 'b'Type violation in line 9\n''
Run './parser /homes/cs352/Spring23/Grading/tarindu/p2test/tests/testcases/type/StatementAssignBadExpr.java'
[92m[ PASS ][0m StatementAssignBadLValue2
[92m[ PASS ][0m MethodDeclAssignIntToBool
[92m[ PASS ][0m StatementConditionalRecurseError
[91m[ FAIL ][0m UnaryExprLength
Got error: 'b'Type Violation in Line 5Type Violation in Line 6''
Expected : 'b'Type violation in line 6\n''
Run './parser /homes/cs352/Spring23/Grading/tarindu/p2test/tests/testcases/type/UnaryExprLength.java'
[91m[ FAIL ][0m UnaryExprUnaryString
Got error: 'b'Type Violation in Line 5Type Violation in Line 5''
Expected : 'b'Type violation in line 5\n''
Run './parser /homes/cs352/Spring23/Grading/tarindu/p2test/tests/testcases/type/UnaryExprUnaryString.java'
[92m[ PASS ][0m StatementConditionalWhile.NotBoolCond
[91m[ FAIL ][0m BinaryExprArrayInOp
Got error: 'b'Type Violation in Line 7Type Violation in Line 7''
Expected : 'b'Type violation in line 7\n''
Run './parser /homes/cs352/Spring23/Grading/tarindu/p2test/tests/testcases/type/BinaryExprArrayInOp.java'
[92m[ PASS ][0m StatementConditionalIf.NotBoolCond
[91m[ FAIL ][0m UnaryExprNotInt
Got error: 'b'Type Violation in Line 5Type Violation in Line 5''
Expected : 'b'Type violation in line 5\n''
Run './parser /homes/cs352/Spring23/Grading/tarindu/p2test/tests/testcases/type/UnaryExprNotInt.java'"
ehli,2023-03-15,23:54:27,50.0,4.0,"[92m[ PASS ][0m NoMain
[92m[ PASS ][0m NestedIf
[92m[ PASS ][0m TwoClasses
[92m[ PASS ][0m NewMain
[91m[ FAIL ][0m MultipleErrorsCombined
Got error: 'b'''
Expected : 'b'Type violation in line 14\nType violation in line 15\nType violation in line 16\nType violation in line 17\nType violation in line 18\n''
Run './parser /homes/cs352/Spring23/Grading/tarindu/p2test/tests/testcases/type/MultipleErrorsCombined.java'
[91m[ FAIL ][0m MultipleErrorsDoubleDecl
Got error: 'b'''
Expected : 'b'Type violation in line 9\nType violation in line 10\n''
Run './parser /homes/cs352/Spring23/Grading/tarindu/p2test/tests/testcases/type/MultipleErrorsDoubleDecl.java'
[91m[ FAIL ][0m StatementScopeRedefineSym
Got error: 'b'''
Expected : 'b'Type violation in line 9\n''
Run './parser /homes/cs352/Spring23/Grading/tarindu/p2test/tests/testcases/type/StatementScopeRedefineSym.java'
[91m[ FAIL ][0m LiteralExprIntToArray
Got error: 'b'''
Expected : 'b'Type violation in line 4\n''
Run './parser /homes/cs352/Spring23/Grading/tarindu/p2test/tests/testcases/type/LiteralExprIntToArray.java'
[91m[ FAIL ][0m StatementReturnWrongType
Got error: 'b'''
Expected : 'b'Type violation in line 6\n''
Run './parser /homes/cs352/Spring23/Grading/tarindu/p2test/tests/testcases/type/StatementReturnWrongType.java'
[91m[ FAIL ][0m UnaryExprUnaryBool
Got error: 'b'''
Expected : 'b'Type violation in line 5\n''
Run './parser /homes/cs352/Spring23/Grading/tarindu/p2test/tests/testcases/type/UnaryExprUnaryBool.java'
[91m[ FAIL ][0m StatementMethodCallWrongTypes
Got error: 'b'''
Expected : 'b'Type Violation in Line 7\n''
Run './parser /homes/cs352/Spring23/Grading/tarindu/p2test/tests/testcases/type/StatementMethodCallWrongTypes.java'
[91m[ FAIL ][0m StatementVarDeclCheckArgs
Got error: 'b'''
Expected : 'b'Type violation in line 6\n''
Run './parser /homes/cs352/Spring23/Grading/tarindu/p2test/tests/testcases/type/StatementVarDeclCheckArgs.java'
[91m[ FAIL ][0m LValExprDiffType
Got error: 'b'''
Expected : 'b'Type violation in line 6\n''
Run './parser /homes/cs352/Spring23/Grading/tarindu/p2test/tests/testcases/type/LValExprDiffType.java'
[91m[ FAIL ][0m ParseIntNotString
Got error: 'b'''
Expected : 'b'Type violation in line 6\n''
Run './parser /homes/cs352/Spring23/Grading/tarindu/p2test/tests/testcases/type/ParseIntNotString.java'
[91m[ FAIL ][0m MethodDeclWrongType
Got error: 'b'''
Expected : 'b'Type violation in line 5\n''
Run './parser /homes/cs352/Spring23/Grading/tarindu/p2test/tests/testcases/type/MethodDeclWrongType.java'
[91m[ FAIL ][0m StatementVarDeclRedefinition
Got error: 'b'''
Expected : 'b'Type violation in line 7\n''
Run './parser /homes/cs352/Spring23/Grading/tarindu/p2test/tests/testcases/type/StatementVarDeclRedefinition.java'
[91m[ FAIL ][0m StatementScopeRedefinition
Got error: 'b'''
Expected : 'b'Type violation in line 8\n''
Run './parser /homes/cs352/Spring23/Grading/tarindu/p2test/tests/testcases/type/StatementScopeRedefinition.java'
[91m[ FAIL ][0m BinaryExprLogicalToBool
Got error: 'b'''
Expected : 'b'Type violation in line 5\n''
Run './parser /homes/cs352/Spring23/Grading/tarindu/p2test/tests/testcases/type/BinaryExprLogicalToBool.java'
[91m[ FAIL ][0m StaticVarDeclTypeStillRequired
Got error: 'b'''
Expected : 'b'Type violation in line 5\n''
Run './parser /homes/cs352/Spring23/Grading/tarindu/p2test/tests/testcases/type/StaticVarDeclTypeStillRequired.java'
[91m[ FAIL ][0m NewExprDifferentNewType
Got error: 'b'''
Expected : 'b'Type violation in line 5\n''
Run './parser /homes/cs352/Spring23/Grading/tarindu/p2test/tests/testcases/type/NewExprDifferentNewType.java'
[91m[ FAIL ][0m BinaryExprIntInBool
Got error: 'b'''
Expected : 'b'Type violation in line 7\n''
Run './parser /homes/cs352/Spring23/Grading/tarindu/p2test/tests/testcases/type/BinaryExprIntInBool.java'
[91m[ FAIL ][0m BinaryExprInvalidOperand
Got error: 'b'''
Expected : 'b'Type violation in line 6\n''
Run './parser /homes/cs352/Spring23/Grading/tarindu/p2test/tests/testcases/type/BinaryExprInvalidOperand.java'
[91m[ FAIL ][0m LiteralExprBoolToInt
Got error: 'b'''
Expected : 'b'Type violation in line 5\n''
Run './parser /homes/cs352/Spring23/Grading/tarindu/p2test/tests/testcases/type/LiteralExprBoolToInt.java'
[91m[ FAIL ][0m StatementPrintBadExpr2
Got error: 'b'''
Expected : 'b'Type violation in line 6\n''
Run './parser /homes/cs352/Spring23/Grading/tarindu/p2test/tests/testcases/type/StatementPrintBadExpr2.java'
[91m[ FAIL ][0m MultipleErrorsVarDecl
Got error: 'b'''
Expected : 'b'Type violation in line 19\nType violation in line 20\nType violation in line 21\nType violation in line 21\nType violation in line 21\n''
Run './parser /homes/cs352/Spring23/Grading/tarindu/p2test/tests/testcases/type/MultipleErrorsVarDecl.java'
[91m[ FAIL ][0m MethodDeclBadReturnType
Got error: 'b'''
Expected : 'b'Type violation in line 5\n''
Run './parser /homes/cs352/Spring23/Grading/tarindu/p2test/tests/testcases/type/MethodDeclBadReturnType.java'
[91m[ FAIL ][0m StatementAssignWrongTypes
Got error: 'b'''
Expected : 'b'Type violation in line 7\n''
Run './parser /homes/cs352/Spring23/Grading/tarindu/p2test/tests/testcases/type/StatementAssignWrongTypes.java'
[91m[ FAIL ][0m MethodDeclAssignMethod2
Got error: 'b'''
Expected : 'b'Type violation in line 5\n''
Run './parser /homes/cs352/Spring23/Grading/tarindu/p2test/tests/testcases/type/MethodDeclAssignMethod2.java'
[91m[ FAIL ][0m StatementPrintBadExpr
Got error: 'b'''
Expected : 'b'Type violation in line 8\n''
Run './parser /homes/cs352/Spring23/Grading/tarindu/p2test/tests/testcases/type/StatementPrintBadExpr.java'
[91m[ FAIL ][0m MethodDeclBadExprInCall
Got error: 'b'''
Expected : 'b'Type violation in line 8\n''
Run './parser /homes/cs352/Spring23/Grading/tarindu/p2test/tests/testcases/type/MethodDeclBadExprInCall.java'
[91m[ FAIL ][0m MethodDeclAssignMethod
Got error: 'b'''
Expected : 'b'Type violation in line 5\n''
Run './parser /homes/cs352/Spring23/Grading/tarindu/p2test/tests/testcases/type/MethodDeclAssignMethod.java'
[91m[ FAIL ][0m MethodDeclRedefinition
Got error: 'b'''
Expected : 'b'Type violation in line 6\n''
Run './parser /homes/cs352/Spring23/Grading/tarindu/p2test/tests/testcases/type/MethodDeclRedefinition.java'
[91m[ FAIL ][0m MethodDeclTooFewArgs
Got error: 'b'''
Expected : 'b'Type violation in line 6\n''
Run './parser /homes/cs352/Spring23/Grading/tarindu/p2test/tests/testcases/type/MethodDeclTooFewArgs.java'
[91m[ FAIL ][0m StatementAssignBadLValue
Got error: 'b'''
Expected : 'b'Type violation in line 7\n''
Run './parser /homes/cs352/Spring23/Grading/tarindu/p2test/tests/testcases/type/StatementAssignBadLValue.java'
[91m[ FAIL ][0m UnaryExprNotEvalBool
Got error: 'b'''
Expected : 'b'Type violation in line 5\n''
Run './parser /homes/cs352/Spring23/Grading/tarindu/p2test/tests/testcases/type/UnaryExprNotEvalBool.java'
[91m[ FAIL ][0m NewExprBoolInNew
Got error: 'b'''
Expected : 'b'Type violation in line 5\n''
Run './parser /homes/cs352/Spring23/Grading/tarindu/p2test/tests/testcases/type/NewExprBoolInNew.java'
[91m[ FAIL ][0m StaticVarDeclRedefinition
Got error: 'b'''
Expected : 'b'Type violation in line 6\n''
Run './parser /homes/cs352/Spring23/Grading/tarindu/p2test/tests/testcases/type/StaticVarDeclRedefinition.java'
[91m[ FAIL ][0m NewExprArrayInNew
Got error: 'b'''
Expected : 'b'Type violation in line 5\n''
Run './parser /homes/cs352/Spring23/Grading/tarindu/p2test/tests/testcases/type/NewExprArrayInNew.java'
[91m[ FAIL ][0m LValExprTooManyBrackets
Got error: 'b'''
Expected : 'b'Type violation in line 6\n''
Run './parser /homes/cs352/Spring23/Grading/tarindu/p2test/tests/testcases/type/LValExprTooManyBrackets.java'
[91m[ FAIL ][0m MultipleErrorsStaticVars
Got error: 'b'''
Expected : 'b'Type violation in line 8\nType violation in line 9\n''
Run './parser /homes/cs352/Spring23/Grading/tarindu/p2test/tests/testcases/type/MultipleErrorsStaticVars.java'
[91m[ FAIL ][0m StatementAssignBadExpr
Got error: 'b'''
Expected : 'b'Type violation in line 9\n''
Run './parser /homes/cs352/Spring23/Grading/tarindu/p2test/tests/testcases/type/StatementAssignBadExpr.java'
[91m[ FAIL ][0m StatementAssignBadLValue2
Got error: 'b'''
Expected : 'b'Type Violation in Line 6\n''
Run './parser /homes/cs352/Spring23/Grading/tarindu/p2test/tests/testcases/type/StatementAssignBadLValue2.java'
[91m[ FAIL ][0m MethodDeclAssignIntToBool
Got error: 'b'''
Expected : 'b'Type Violation in Line 5\n''
Run './parser /homes/cs352/Spring23/Grading/tarindu/p2test/tests/testcases/type/MethodDeclAssignIntToBool.java'
[91m[ FAIL ][0m StatementConditionalRecurseError
Got error: 'b'''
Expected : 'b'Type violation in line 7\n''
Run './parser /homes/cs352/Spring23/Grading/tarindu/p2test/tests/testcases/type/StatementConditionalRecurseError.java'
[91m[ FAIL ][0m UnaryExprLength
Got error: 'b'''
Expected : 'b'Type violation in line 6\n''
Run './parser /homes/cs352/Spring23/Grading/tarindu/p2test/tests/testcases/type/UnaryExprLength.java'
[91m[ FAIL ][0m UnaryExprUnaryString
Got error: 'b'''
Expected : 'b'Type violation in line 5\n''
Run './parser /homes/cs352/Spring23/Grading/tarindu/p2test/tests/testcases/type/UnaryExprUnaryString.java'
[91m[ FAIL ][0m StatementConditionalWhile.NotBoolCond
Got error: 'b'''
Expected : 'b'Type violation in line 6\n''
Run './parser /homes/cs352/Spring23/Grading/tarindu/p2test/tests/testcases/type/StatementConditionalWhile.NotBoolCond.java'
[91m[ FAIL ][0m BinaryExprArrayInOp
Got error: 'b'''
Expected : 'b'Type violation in line 7\n''
Run './parser /homes/cs352/Spring23/Grading/tarindu/p2test/tests/testcases/type/BinaryExprArrayInOp.java'
[91m[ FAIL ][0m StatementConditionalIf.NotBoolCond
Got error: 'b'''
Expected : 'b'Type violation in line 6\n''
Run './parser /homes/cs352/Spring23/Grading/tarindu/p2test/tests/testcases/type/StatementConditionalIf.NotBoolCond.java'
[91m[ FAIL ][0m UnaryExprNotInt
Got error: 'b'''
Expected : 'b'Type violation in line 5\n''
Run './parser /homes/cs352/Spring23/Grading/tarindu/p2test/tests/testcases/type/UnaryExprNotInt.java'"
gala0,2023-03-08,20:26:40,50.0,48.0,"[92m[ PASS ][0m NoMain
[92m[ PASS ][0m NestedIf
[92m[ PASS ][0m TwoClasses
[92m[ PASS ][0m NewMain
[91m[ FAIL ][0m MultipleErrorsCombined
Got error: 'b'Type Violation in Line 14\nType Violation in Line 15\nType Violation in Line 17\nType Violation in Line 18\n''
Expected : 'b'Type violation in line 14\nType violation in line 15\nType violation in line 16\nType violation in line 17\nType violation in line 18\n''
Run './parser /homes/cs352/Spring23/Grading/tarindu/p2test/tests/testcases/type/MultipleErrorsCombined.java'
[92m[ PASS ][0m MultipleErrorsDoubleDecl
[92m[ PASS ][0m StatementScopeRedefineSym
[92m[ PASS ][0m LiteralExprIntToArray
[92m[ PASS ][0m StatementReturnWrongType
[92m[ PASS ][0m UnaryExprUnaryBool
[92m[ PASS ][0m StatementMethodCallWrongTypes
[92m[ PASS ][0m StatementVarDeclCheckArgs
[92m[ PASS ][0m LValExprDiffType
[92m[ PASS ][0m ParseIntNotString
[92m[ PASS ][0m MethodDeclWrongType
[92m[ PASS ][0m StatementVarDeclRedefinition
[92m[ PASS ][0m StatementScopeRedefinition
[92m[ PASS ][0m BinaryExprLogicalToBool
[92m[ PASS ][0m StaticVarDeclTypeStillRequired
[92m[ PASS ][0m NewExprDifferentNewType
[92m[ PASS ][0m BinaryExprIntInBool
[92m[ PASS ][0m BinaryExprInvalidOperand
[92m[ PASS ][0m LiteralExprBoolToInt
[92m[ PASS ][0m StatementPrintBadExpr2
[91m[ FAIL ][0m MultipleErrorsVarDecl
Got error: 'b'Type Violation in Line 19\nType Violation in Line 21\n''
Expected : 'b'Type violation in line 19\nType violation in line 20\nType violation in line 21\nType violation in line 21\nType violation in line 21\n''
Run './parser /homes/cs352/Spring23/Grading/tarindu/p2test/tests/testcases/type/MultipleErrorsVarDecl.java'
[92m[ PASS ][0m MethodDeclBadReturnType
[92m[ PASS ][0m StatementAssignWrongTypes
[92m[ PASS ][0m MethodDeclAssignMethod2
[92m[ PASS ][0m StatementPrintBadExpr
[92m[ PASS ][0m MethodDeclBadExprInCall
[92m[ PASS ][0m MethodDeclAssignMethod
[92m[ PASS ][0m MethodDeclRedefinition
[92m[ PASS ][0m MethodDeclTooFewArgs
[92m[ PASS ][0m StatementAssignBadLValue
[92m[ PASS ][0m UnaryExprNotEvalBool
[92m[ PASS ][0m NewExprBoolInNew
[92m[ PASS ][0m StaticVarDeclRedefinition
[92m[ PASS ][0m NewExprArrayInNew
[92m[ PASS ][0m LValExprTooManyBrackets
[92m[ PASS ][0m MultipleErrorsStaticVars
[92m[ PASS ][0m StatementAssignBadExpr
[92m[ PASS ][0m StatementAssignBadLValue2
[92m[ PASS ][0m MethodDeclAssignIntToBool
[92m[ PASS ][0m StatementConditionalRecurseError
[92m[ PASS ][0m UnaryExprLength
[92m[ PASS ][0m UnaryExprUnaryString
[92m[ PASS ][0m StatementConditionalWhile.NotBoolCond
[92m[ PASS ][0m BinaryExprArrayInOp
[92m[ PASS ][0m StatementConditionalIf.NotBoolCond
[92m[ PASS ][0m UnaryExprNotInt"
gupta565,2023-03-13,23:35:51,49.0,36.0,"[92m[ PASS ][0m NoMain
[92m[ PASS ][0m NestedIf
[92m[ PASS ][0m TwoClasses
[92m[ PASS ][0m NewMain
[91m[ FAIL ][0m MultipleErrorsCombined
Got error: 'b'''
Expected : 'b'Type violation in line 14\nType violation in line 15\nType violation in line 16\nType violation in line 17\nType violation in line 18\n''
Run './parser /homes/cs352/Spring23/Grading/tarindu/p2test/tests/testcases/type/MultipleErrorsCombined.java'
[91m[ FAIL ][0m MultipleErrorsDoubleDecl
Got error: 'b'''
Expected : 'b'Type violation in line 9\nType violation in line 10\n''
Run './parser /homes/cs352/Spring23/Grading/tarindu/p2test/tests/testcases/type/MultipleErrorsDoubleDecl.java'
[92m[ PASS ][0m StatementScopeRedefineSym
[92m[ PASS ][0m LiteralExprIntToArray
[91m[ FAIL ][0m StatementReturnWrongType
Got error: 'b'''
Expected : 'b'Type violation in line 6\n''
Run './parser /homes/cs352/Spring23/Grading/tarindu/p2test/tests/testcases/type/StatementReturnWrongType.java'
[92m[ PASS ][0m UnaryExprUnaryBool
[91m[ FAIL ][0m StatementMethodCallWrongTypes
Got error: 'b'''
Expected : 'b'Type Violation in Line 7\n''
Run './parser /homes/cs352/Spring23/Grading/tarindu/p2test/tests/testcases/type/StatementMethodCallWrongTypes.java'
[91m[ FAIL ][0m StatementVarDeclCheckArgs
Got error: 'b'''
Expected : 'b'Type violation in line 6\n''
Run './parser /homes/cs352/Spring23/Grading/tarindu/p2test/tests/testcases/type/StatementVarDeclCheckArgs.java'
[92m[ PASS ][0m LValExprDiffType
[92m[ PASS ][0m ParseIntNotString
[92m[ PASS ][0m MethodDeclWrongType
[92m[ PASS ][0m StatementVarDeclRedefinition
[92m[ PASS ][0m StatementScopeRedefinition
[92m[ PASS ][0m BinaryExprLogicalToBool
[92m[ PASS ][0m StaticVarDeclTypeStillRequired
[91m[ FAIL ][0m NewExprDifferentNewType
Got error: 'b'''
Expected : 'b'Type violation in line 5\n''
Run './parser /homes/cs352/Spring23/Grading/tarindu/p2test/tests/testcases/type/NewExprDifferentNewType.java'
[92m[ PASS ][0m BinaryExprIntInBool
[92m[ PASS ][0m BinaryExprInvalidOperand
[92m[ PASS ][0m LiteralExprBoolToInt
[92m[ PASS ][0m StatementPrintBadExpr2
[91m[ FAIL ][0m MultipleErrorsVarDecl
Got error: 'b'Type Violation in Line 19\nType Violation in Line 20\nType Violation in Line 21\nType Violation in Line 21\n''
Expected : 'b'Type violation in line 19\nType violation in line 20\nType violation in line 21\nType violation in line 21\nType violation in line 21\n''
Run './parser /homes/cs352/Spring23/Grading/tarindu/p2test/tests/testcases/type/MultipleErrorsVarDecl.java'
[92m[ PASS ][0m MethodDeclBadReturnType
[92m[ PASS ][0m StatementAssignWrongTypes
[92m[ PASS ][0m MethodDeclAssignMethod2
[92m[ PASS ][0m StatementPrintBadExpr
[92m[ PASS ][0m MethodDeclBadExprInCall
[92m[ PASS ][0m MethodDeclAssignMethod
[91m[ FAIL ][0m MethodDeclRedefinition
Got error: 'b'''
Expected : 'b'Type violation in line 6\n''
Run './parser /homes/cs352/Spring23/Grading/tarindu/p2test/tests/testcases/type/MethodDeclRedefinition.java'
[92m[ PASS ][0m MethodDeclTooFewArgs
[92m[ PASS ][0m StatementAssignBadLValue
[92m[ PASS ][0m UnaryExprNotEvalBool
[91m[ FAIL ][0m NewExprBoolInNew
Got error: 'b'''
Expected : 'b'Type violation in line 5\n''
Run './parser /homes/cs352/Spring23/Grading/tarindu/p2test/tests/testcases/type/NewExprBoolInNew.java'
[91m[ FAIL ][0m StaticVarDeclRedefinition
Got error: 'b'''
Expected : 'b'Type violation in line 6\n''
Run './parser /homes/cs352/Spring23/Grading/tarindu/p2test/tests/testcases/type/StaticVarDeclRedefinition.java'
[91m[ FAIL ][0m NewExprArrayInNew
Got error: 'b'''
Expected : 'b'Type violation in line 5\n''
Run './parser /homes/cs352/Spring23/Grading/tarindu/p2test/tests/testcases/type/NewExprArrayInNew.java'
[91m[ FAIL ][0m LValExprTooManyBrackets
Got error: 'b'Syntax errors in line 6\n''
Expected : 'b'Type violation in line 6\n''
Run './parser /homes/cs352/Spring23/Grading/tarindu/p2test/tests/testcases/type/LValExprTooManyBrackets.java'
[91m[ FAIL ][0m MultipleErrorsStaticVars
Got error: 'b'Type Violation in Line 9\n''
Expected : 'b'Type violation in line 8\nType violation in line 9\n''
Run './parser /homes/cs352/Spring23/Grading/tarindu/p2test/tests/testcases/type/MultipleErrorsStaticVars.java'
[92m[ PASS ][0m StatementAssignBadExpr
[92m[ PASS ][0m StatementAssignBadLValue2
[92m[ PASS ][0m MethodDeclAssignIntToBool
[91m[ FAIL ][0m StatementConditionalRecurseError
Got error: 'b'''
Expected : 'b'Type violation in line 7\n''
Run './parser /homes/cs352/Spring23/Grading/tarindu/p2test/tests/testcases/type/StatementConditionalRecurseError.java'
[92m[ PASS ][0m UnaryExprLength
[92m[ PASS ][0m UnaryExprUnaryString
[92m[ PASS ][0m StatementConditionalWhile.NotBoolCond
[92m[ PASS ][0m BinaryExprArrayInOp
[92m[ PASS ][0m StatementConditionalIf.NotBoolCond
[92m[ PASS ][0m UnaryExprNotInt"
harve106,2023-03-09,15:07:31,,,
heise4,2023-03-12,23:58:25,46.0,43.0,"[92m[ PASS ][0m NoMain
[92m[ PASS ][0m NestedIf
[92m[ PASS ][0m TwoClasses
[92m[ PASS ][0m NewMain
[92m[ PASS ][0m MultipleErrorsCombined
[92m[ PASS ][0m MultipleErrorsDoubleDecl
[92m[ PASS ][0m StatementScopeRedefineSym
[92m[ PASS ][0m LiteralExprIntToArray
[91m[ FAIL ][0m StatementReturnWrongType
Got error: 'b'Syntax errors in line 6\n''
Expected : 'b'Type violation in line 6\n''
Run './parser /homes/cs352/Spring23/Grading/tarindu/p2test/tests/testcases/type/StatementReturnWrongType.java'
[92m[ PASS ][0m UnaryExprUnaryBool
[91m[ FAIL ][0m StatementMethodCallWrongTypes
Got error: 'b'Syntax errors in line 7\n''
Expected : 'b'Type Violation in Line 7\n''
Run './parser /homes/cs352/Spring23/Grading/tarindu/p2test/tests/testcases/type/StatementMethodCallWrongTypes.java'
[91m[ FAIL ][0m StatementVarDeclCheckArgs
Got error: 'b'''
Expected : 'b'Type violation in line 6\n''
Run './parser /homes/cs352/Spring23/Grading/tarindu/p2test/tests/testcases/type/StatementVarDeclCheckArgs.java'
[92m[ PASS ][0m LValExprDiffType
[91m[ FAIL ][0m ParseIntNotString
Got error: 'b'Syntax errors in line 6\n''
Expected : 'b'Type violation in line 6\n''
Run './parser /homes/cs352/Spring23/Grading/tarindu/p2test/tests/testcases/type/ParseIntNotString.java'
[92m[ PASS ][0m MethodDeclWrongType
[92m[ PASS ][0m StatementVarDeclRedefinition
[92m[ PASS ][0m StatementScopeRedefinition
[92m[ PASS ][0m BinaryExprLogicalToBool
[91m[ FAIL ][0m StaticVarDeclTypeStillRequired
Got error: 'b'''
Expected : 'b'Type violation in line 5\n''
Run './parser /homes/cs352/Spring23/Grading/tarindu/p2test/tests/testcases/type/StaticVarDeclTypeStillRequired.java'
[92m[ PASS ][0m NewExprDifferentNewType
[92m[ PASS ][0m BinaryExprIntInBool
[91m[ FAIL ][0m BinaryExprInvalidOperand
Got error: 'b'''
Expected : 'b'Type violation in line 6\n''
Run './parser /homes/cs352/Spring23/Grading/tarindu/p2test/tests/testcases/type/BinaryExprInvalidOperand.java'
[92m[ PASS ][0m LiteralExprBoolToInt
[92m[ PASS ][0m StatementPrintBadExpr2
[91m[ FAIL ][0m MultipleErrorsVarDecl
Got error: 'b'Syntax errors in line 21\n''
Expected : 'b'Type violation in line 19\nType violation in line 20\nType violation in line 21\nType violation in line 21\nType violation in line 21\n''
Run './parser /homes/cs352/Spring23/Grading/tarindu/p2test/tests/testcases/type/MultipleErrorsVarDecl.java'
[92m[ PASS ][0m MethodDeclBadReturnType
[92m[ PASS ][0m StatementAssignWrongTypes
[92m[ PASS ][0m MethodDeclAssignMethod2
[92m[ PASS ][0m StatementPrintBadExpr
[92m[ PASS ][0m MethodDeclBadExprInCall
[92m[ PASS ][0m MethodDeclAssignMethod
[92m[ PASS ][0m MethodDeclRedefinition
[92m[ PASS ][0m MethodDeclTooFewArgs
[92m[ PASS ][0m StatementAssignBadLValue
[92m[ PASS ][0m UnaryExprNotEvalBool
[92m[ PASS ][0m NewExprBoolInNew
[92m[ PASS ][0m StaticVarDeclRedefinition
[92m[ PASS ][0m NewExprArrayInNew
[92m[ PASS ][0m LValExprTooManyBrackets
[92m[ PASS ][0m MultipleErrorsStaticVars
[92m[ PASS ][0m StatementAssignBadExpr
[92m[ PASS ][0m StatementAssignBadLValue2
[92m[ PASS ][0m MethodDeclAssignIntToBool
[92m[ PASS ][0m StatementConditionalRecurseError
[92m[ PASS ][0m UnaryExprLength
[92m[ PASS ][0m UnaryExprUnaryString
[92m[ PASS ][0m StatementConditionalWhile.NotBoolCond
[92m[ PASS ][0m BinaryExprArrayInOp
[92m[ PASS ][0m StatementConditionalIf.NotBoolCond
[92m[ PASS ][0m UnaryExprNotInt"
hsu226,2023-03-12,23:50:17,50.0,46.0,"[92m[ PASS ][0m NoMain
[92m[ PASS ][0m NestedIf
[92m[ PASS ][0m TwoClasses
[92m[ PASS ][0m NewMain
[92m[ PASS ][0m MultipleErrorsCombined
[92m[ PASS ][0m MultipleErrorsDoubleDecl
[92m[ PASS ][0m StatementScopeRedefineSym
[92m[ PASS ][0m LiteralExprIntToArray
[91m[ FAIL ][0m StatementReturnWrongType
Got error: 'b'''
Expected : 'b'Type violation in line 6\n''
Run './parser /homes/cs352/Spring23/Grading/tarindu/p2test/tests/testcases/type/StatementReturnWrongType.java'
[92m[ PASS ][0m UnaryExprUnaryBool
[91m[ FAIL ][0m StatementMethodCallWrongTypes
Got error: 'b'''
Expected : 'b'Type Violation in Line 7\n''
Run './parser /homes/cs352/Spring23/Grading/tarindu/p2test/tests/testcases/type/StatementMethodCallWrongTypes.java'
[92m[ PASS ][0m StatementVarDeclCheckArgs
[92m[ PASS ][0m LValExprDiffType
[92m[ PASS ][0m ParseIntNotString
[92m[ PASS ][0m MethodDeclWrongType
[92m[ PASS ][0m StatementVarDeclRedefinition
[92m[ PASS ][0m StatementScopeRedefinition
[92m[ PASS ][0m BinaryExprLogicalToBool
[92m[ PASS ][0m StaticVarDeclTypeStillRequired
[92m[ PASS ][0m NewExprDifferentNewType
[92m[ PASS ][0m BinaryExprIntInBool
[92m[ PASS ][0m BinaryExprInvalidOperand
[92m[ PASS ][0m LiteralExprBoolToInt
[91m[ FAIL ][0m StatementPrintBadExpr2
Got error: 'b'''
Expected : 'b'Type violation in line 6\n''
Run './parser /homes/cs352/Spring23/Grading/tarindu/p2test/tests/testcases/type/StatementPrintBadExpr2.java'
[92m[ PASS ][0m MultipleErrorsVarDecl
[92m[ PASS ][0m MethodDeclBadReturnType
[92m[ PASS ][0m StatementAssignWrongTypes
[92m[ PASS ][0m MethodDeclAssignMethod2
[92m[ PASS ][0m StatementPrintBadExpr
[92m[ PASS ][0m MethodDeclBadExprInCall
[92m[ PASS ][0m MethodDeclAssignMethod
[92m[ PASS ][0m MethodDeclRedefinition
[92m[ PASS ][0m MethodDeclTooFewArgs
[92m[ PASS ][0m StatementAssignBadLValue
[92m[ PASS ][0m UnaryExprNotEvalBool
[92m[ PASS ][0m NewExprBoolInNew
[92m[ PASS ][0m StaticVarDeclRedefinition
[92m[ PASS ][0m NewExprArrayInNew
[91m[ FAIL ][0m LValExprTooManyBrackets
Got error: 'b'Type violation in line 6\nType violation in line 6\n''
Expected : 'b'Type violation in line 6\n''
Run './parser /homes/cs352/Spring23/Grading/tarindu/p2test/tests/testcases/type/LValExprTooManyBrackets.java'
[92m[ PASS ][0m MultipleErrorsStaticVars
[92m[ PASS ][0m StatementAssignBadExpr
[92m[ PASS ][0m StatementAssignBadLValue2
[92m[ PASS ][0m MethodDeclAssignIntToBool
[92m[ PASS ][0m StatementConditionalRecurseError
[92m[ PASS ][0m UnaryExprLength
[92m[ PASS ][0m UnaryExprUnaryString
[92m[ PASS ][0m StatementConditionalWhile.NotBoolCond
[92m[ PASS ][0m BinaryExprArrayInOp
[92m[ PASS ][0m StatementConditionalIf.NotBoolCond
[92m[ PASS ][0m UnaryExprNotInt"
ihpatel,2023-03-08,17:49:14,50.0,20.0,"[92m[ PASS ][0m NoMain
[92m[ PASS ][0m NestedIf
[92m[ PASS ][0m TwoClasses
[92m[ PASS ][0m NewMain
[91m[ FAIL ][0m MultipleErrorsCombined
Got error: 'b'Type Violation in Line 14\nType Violation in Line 15\n''
Expected : 'b'Type violation in line 14\nType violation in line 15\nType violation in line 16\nType violation in line 17\nType violation in line 18\n''
Run './parser /homes/cs352/Spring23/Grading/tarindu/p2test/tests/testcases/type/MultipleErrorsCombined.java'
[92m[ PASS ][0m MultipleErrorsDoubleDecl
[92m[ PASS ][0m StatementScopeRedefineSym
[91m[ FAIL ][0m LiteralExprIntToArray
Got error: 'b'Type Violation in Line 4\nType Violation in Line 4\n''
Expected : 'b'Type violation in line 4\n''
Run './parser /homes/cs352/Spring23/Grading/tarindu/p2test/tests/testcases/type/LiteralExprIntToArray.java'
[91m[ FAIL ][0m StatementReturnWrongType
Got error: 'b'''
Expected : 'b'Type violation in line 6\n''
Run './parser /homes/cs352/Spring23/Grading/tarindu/p2test/tests/testcases/type/StatementReturnWrongType.java'
[92m[ PASS ][0m UnaryExprUnaryBool
[91m[ FAIL ][0m StatementMethodCallWrongTypes
Got error: 'b'''
Expected : 'b'Type Violation in Line 7\n''
Run './parser /homes/cs352/Spring23/Grading/tarindu/p2test/tests/testcases/type/StatementMethodCallWrongTypes.java'
[91m[ FAIL ][0m StatementVarDeclCheckArgs
Got error: 'b'''
Expected : 'b'Type violation in line 6\n''
Run './parser /homes/cs352/Spring23/Grading/tarindu/p2test/tests/testcases/type/StatementVarDeclCheckArgs.java'
[91m[ FAIL ][0m LValExprDiffType
Got error: 'b'Type Violation in Line 6\nType Violation in Line 6\n''
Expected : 'b'Type violation in line 6\n''
Run './parser /homes/cs352/Spring23/Grading/tarindu/p2test/tests/testcases/type/LValExprDiffType.java'
[91m[ FAIL ][0m ParseIntNotString
Got error: 'b'Type Violation in Line 6\nType Violation in Line 6\n''
Expected : 'b'Type violation in line 6\n''
Run './parser /homes/cs352/Spring23/Grading/tarindu/p2test/tests/testcases/type/ParseIntNotString.java'
[91m[ FAIL ][0m MethodDeclWrongType
Got error: 'b'Type Violation in Line 5\nType Violation in Line 5\n''
Expected : 'b'Type violation in line 5\n''
Run './parser /homes/cs352/Spring23/Grading/tarindu/p2test/tests/testcases/type/MethodDeclWrongType.java'
[92m[ PASS ][0m StatementVarDeclRedefinition
[92m[ PASS ][0m StatementScopeRedefinition
[91m[ FAIL ][0m BinaryExprLogicalToBool
Got error: 'b'Type Violation in Line 5\nType Violation in Line 5\n''
Expected : 'b'Type violation in line 5\n''
Run './parser /homes/cs352/Spring23/Grading/tarindu/p2test/tests/testcases/type/BinaryExprLogicalToBool.java'
[91m[ FAIL ][0m StaticVarDeclTypeStillRequired
Got error: 'b'''
Expected : 'b'Type violation in line 5\n''
Run './parser /homes/cs352/Spring23/Grading/tarindu/p2test/tests/testcases/type/StaticVarDeclTypeStillRequired.java'
[91m[ FAIL ][0m NewExprDifferentNewType
Got error: 'b'Type Violation in Line 5\nType Violation in Line 5\n''
Expected : 'b'Type violation in line 5\n''
Run './parser /homes/cs352/Spring23/Grading/tarindu/p2test/tests/testcases/type/NewExprDifferentNewType.java'
[92m[ PASS ][0m BinaryExprIntInBool
[91m[ FAIL ][0m BinaryExprInvalidOperand
Got error: 'b'''
Expected : 'b'Type violation in line 6\n''
Run './parser /homes/cs352/Spring23/Grading/tarindu/p2test/tests/testcases/type/BinaryExprInvalidOperand.java'
[92m[ PASS ][0m LiteralExprBoolToInt
[91m[ FAIL ][0m StatementPrintBadExpr2
Got error: 'b'''
Expected : 'b'Type violation in line 6\n''
Run './parser /homes/cs352/Spring23/Grading/tarindu/p2test/tests/testcases/type/StatementPrintBadExpr2.java'
[91m[ FAIL ][0m MultipleErrorsVarDecl
Got error: 'b'Type Violation in Line 19\nType Violation in Line 21\n''
Expected : 'b'Type violation in line 19\nType violation in line 20\nType violation in line 21\nType violation in line 21\nType violation in line 21\n''
Run './parser /homes/cs352/Spring23/Grading/tarindu/p2test/tests/testcases/type/MultipleErrorsVarDecl.java'
[91m[ FAIL ][0m MethodDeclBadReturnType
Got error: 'b'Type Violation in Line 5\nType Violation in Line 5\n''
Expected : 'b'Type violation in line 5\n''
Run './parser /homes/cs352/Spring23/Grading/tarindu/p2test/tests/testcases/type/MethodDeclBadReturnType.java'
[92m[ PASS ][0m StatementAssignWrongTypes
[92m[ PASS ][0m MethodDeclAssignMethod2
[91m[ FAIL ][0m StatementPrintBadExpr
Got error: 'b'Type Violation in Line 8\nType Violation in Line 8\n''
Expected : 'b'Type violation in line 8\n''
Run './parser /homes/cs352/Spring23/Grading/tarindu/p2test/tests/testcases/type/StatementPrintBadExpr.java'
[91m[ FAIL ][0m MethodDeclBadExprInCall
Got error: 'b'Type Violation in Line 8\nType Violation in Line 8\n''
Expected : 'b'Type violation in line 8\n''
Run './parser /homes/cs352/Spring23/Grading/tarindu/p2test/tests/testcases/type/MethodDeclBadExprInCall.java'
[92m[ PASS ][0m MethodDeclAssignMethod
[91m[ FAIL ][0m MethodDeclRedefinition
Got error: 'b'''
Expected : 'b'Type violation in line 6\n''
Run './parser /homes/cs352/Spring23/Grading/tarindu/p2test/tests/testcases/type/MethodDeclRedefinition.java'
[91m[ FAIL ][0m MethodDeclTooFewArgs
Got error: 'b'Type Violation in Line 6\nType Violation in Line 6\n''
read file success
class
public
static
void
read file success
class
public
static
void
read file success
class
public
static
void
read file success
class
private
static
eq
read file success
class
private
static
int
eq
private
static
int
eq
private
static
int
eq
private
static
int
eq
private
static
int
eq
public
static
void
read file success
class
private
static
int
eq
private
static
int
eq
private
static
int
eq
public
static
void
read file success
class
public
static
void
read file success
class
private
static
int
eq
public
static
void
read file success
class
public
static
void
read file success
class
private
static
int
eq
public
static
void
read file success
class
public
static
int
RIHGT PAREN
int
public
static
void
Expected : 'b'Type violation in line 6\n''
Run './parser /homes/cs352/Spring23/Grading/tarindu/p2test/tests/testcases/type/MethodDeclTooFewArgs.java'
[92m[ PASS ][0m StatementAssignBadLValue
[91m[ FAIL ][0m UnaryExprNotEvalBool
Got error: 'b'Type Violation in Line 5\nType Violation in Line 5\n''
Expected : 'b'Type violation in line 5\n''
Run './parser /homes/cs352/Spring23/Grading/tarindu/p2test/tests/testcases/type/UnaryExprNotEvalBool.java'
[92m[ PASS ][0m NewExprBoolInNew
[92m[ PASS ][0m StaticVarDeclRedefinition
[91m[ FAIL ][0m NewExprArrayInNew
Got error: 'b'Type Violation in Line 5\nType Violation in Line 5\n''
Expected : 'b'Type violation in line 5\n''
Run './parser /homes/cs352/Spring23/Grading/tarindu/p2test/tests/testcases/type/NewExprArrayInNew.java'
[91m[ FAIL ][0m LValExprTooManyBrackets
Got error: 'b'Type Violation in Line 6\nType Violation in Line 6\n''
Expected : 'b'Type violation in line 6\n''
Run './parser /homes/cs352/Spring23/Grading/tarindu/p2test/tests/testcases/type/LValExprTooManyBrackets.java'
[92m[ PASS ][0m MultipleErrorsStaticVars
[91m[ FAIL ][0m StatementAssignBadExpr
Got error: 'b'Type Violation in Line 9\nType Violation in Line 9\n''
Expected : 'b'Type violation in line 9\n''
Run './parser /homes/cs352/Spring23/Grading/tarindu/p2test/tests/testcases/type/StatementAssignBadExpr.java'
[91m[ FAIL ][0m StatementAssignBadLValue2
Got error: 'b'Type Violation in Line 6\nType Violation in Line 6\n''
Expected : 'b'Type Violation in Line 6\n''
Run './parser /homes/cs352/Spring23/Grading/tarindu/p2test/tests/testcases/type/StatementAssignBadLValue2.java'
[91m[ FAIL ][0m MethodDeclAssignIntToBool
Got error: 'b'Type Violation in Line 5\nType Violation in Line 5\n''
Expected : 'b'Type Violation in Line 5\n''
Run './parser /homes/cs352/Spring23/Grading/tarindu/p2test/tests/testcases/type/MethodDeclAssignIntToBool.java'
[92m[ PASS ][0m StatementConditionalRecurseError
[91m[ FAIL ][0m UnaryExprLength
Got error: 'b'Type Violation in Line 6\nType Violation in Line 6\n''
Expected : 'b'Type violation in line 6\n''
Run './parser /homes/cs352/Spring23/Grading/tarindu/p2test/tests/testcases/type/UnaryExprLength.java'
[92m[ PASS ][0m UnaryExprUnaryString
[91m[ FAIL ][0m StatementConditionalWhile.NotBoolCond
Got error: 'b'Type Violation in Line 6\nType Violation in Line 6\n''
Expected : 'b'Type violation in line 6\n''
Run './parser /homes/cs352/Spring23/Grading/tarindu/p2test/tests/testcases/type/StatementConditionalWhile.NotBoolCond.java'
[91m[ FAIL ][0m BinaryExprArrayInOp
Got error: 'b'Type Violation in Line 7\nType Violation in Line 7\n''
Expected : 'b'Type violation in line 7\n''
Run './parser /homes/cs352/Spring23/Grading/tarindu/p2test/tests/testcases/type/BinaryExprArrayInOp.java'
[91m[ FAIL ][0m StatementConditionalIf.NotBoolCond
Got error: 'b'Type Violation in Line 6\nType Violation in Line 6\n''
Expected : 'b'Type violation in line 6\n''
Run './parser /homes/cs352/Spring23/Grading/tarindu/p2test/tests/testcases/type/StatementConditionalIf.NotBoolCond.java'
[91m[ FAIL ][0m UnaryExprNotInt
Got error: 'b'Type Violation in Line 5\nType Violation in Line 5\n''
Expected : 'b'Type violation in line 5\n''
Run './parser /homes/cs352/Spring23/Grading/tarindu/p2test/tests/testcases/type/UnaryExprNotInt.java'"
jain385,2023-03-08,21:52:12,50.0,48.0,"[92m[ PASS ][0m NoMain
[92m[ PASS ][0m NestedIf
[92m[ PASS ][0m TwoClasses
[92m[ PASS ][0m NewMain
[92m[ PASS ][0m MultipleErrorsCombined
[92m[ PASS ][0m MultipleErrorsDoubleDecl
[92m[ PASS ][0m StatementScopeRedefineSym
[92m[ PASS ][0m LiteralExprIntToArray
[91m[ FAIL ][0m StatementReturnWrongType
Got error: 'b'''
Expected : 'b'Type violation in line 6\n''
Run './parser /homes/cs352/Spring23/Grading/tarindu/p2test/tests/testcases/type/StatementReturnWrongType.java'
[92m[ PASS ][0m UnaryExprUnaryBool
[92m[ PASS ][0m StatementMethodCallWrongTypes
[92m[ PASS ][0m StatementVarDeclCheckArgs
[92m[ PASS ][0m LValExprDiffType
[92m[ PASS ][0m ParseIntNotString
[92m[ PASS ][0m MethodDeclWrongType
[92m[ PASS ][0m StatementVarDeclRedefinition
[92m[ PASS ][0m StatementScopeRedefinition
[92m[ PASS ][0m BinaryExprLogicalToBool
[92m[ PASS ][0m StaticVarDeclTypeStillRequired
[92m[ PASS ][0m NewExprDifferentNewType
[92m[ PASS ][0m BinaryExprIntInBool
[92m[ PASS ][0m BinaryExprInvalidOperand
[92m[ PASS ][0m LiteralExprBoolToInt
[92m[ PASS ][0m StatementPrintBadExpr2
[91m[ FAIL ][0m MultipleErrorsVarDecl
Got error: 'b'Type violation in line 20\nType violation in line 21\n''
Expected : 'b'Type violation in line 19\nType violation in line 20\nType violation in line 21\nType violation in line 21\nType violation in line 21\n''
Run './parser /homes/cs352/Spring23/Grading/tarindu/p2test/tests/testcases/type/MultipleErrorsVarDecl.java'
[92m[ PASS ][0m MethodDeclBadReturnType
[92m[ PASS ][0m StatementAssignWrongTypes
[92m[ PASS ][0m MethodDeclAssignMethod2
[92m[ PASS ][0m StatementPrintBadExpr
[92m[ PASS ][0m MethodDeclBadExprInCall
[92m[ PASS ][0m MethodDeclAssignMethod
[92m[ PASS ][0m MethodDeclRedefinition
[92m[ PASS ][0m MethodDeclTooFewArgs
[92m[ PASS ][0m StatementAssignBadLValue
[92m[ PASS ][0m UnaryExprNotEvalBool
[92m[ PASS ][0m NewExprBoolInNew
[92m[ PASS ][0m StaticVarDeclRedefinition
[92m[ PASS ][0m NewExprArrayInNew
[92m[ PASS ][0m LValExprTooManyBrackets
[92m[ PASS ][0m MultipleErrorsStaticVars
[92m[ PASS ][0m StatementAssignBadExpr
[92m[ PASS ][0m StatementAssignBadLValue2
[92m[ PASS ][0m MethodDeclAssignIntToBool
[92m[ PASS ][0m StatementConditionalRecurseError
[92m[ PASS ][0m UnaryExprLength
[92m[ PASS ][0m UnaryExprUnaryString
[92m[ PASS ][0m StatementConditionalWhile.NotBoolCond
[92m[ PASS ][0m BinaryExprArrayInOp
[92m[ PASS ][0m StatementConditionalIf.NotBoolCond
[92m[ PASS ][0m UnaryExprNotInt"
jchustak,2023-03-15,23:58:02,50.0,40.0,"[92m[ PASS ][0m NoMain
[92m[ PASS ][0m NestedIf
[92m[ PASS ][0m TwoClasses
[92m[ PASS ][0m NewMain
[91m[ FAIL ][0m MultipleErrorsCombined
Got error: 'b'Type Violation in Line 14 \nType Violation in Line 15 \nType Violation in Line 20 \nType Violation in Line 20 \nType Violation in Line 20 \n''
Expected : 'b'Type violation in line 14\nType violation in line 15\nType violation in line 16\nType violation in line 17\nType violation in line 18\n''
Run './parser /homes/cs352/Spring23/Grading/tarindu/p2test/tests/testcases/type/MultipleErrorsCombined.java'
[91m[ FAIL ][0m MultipleErrorsDoubleDecl
Got error: 'b'Type Violation in Line 12 \nType Violation in Line 12 \n''
Expected : 'b'Type violation in line 9\nType violation in line 10\n''
Run './parser /homes/cs352/Spring23/Grading/tarindu/p2test/tests/testcases/type/MultipleErrorsDoubleDecl.java'
[92m[ PASS ][0m StatementScopeRedefineSym
[92m[ PASS ][0m LiteralExprIntToArray
[91m[ FAIL ][0m StatementReturnWrongType
Got error: 'b'''
Expected : 'b'Type violation in line 6\n''
Run './parser /homes/cs352/Spring23/Grading/tarindu/p2test/tests/testcases/type/StatementReturnWrongType.java'
[92m[ PASS ][0m UnaryExprUnaryBool
[92m[ PASS ][0m StatementMethodCallWrongTypes
[92m[ PASS ][0m StatementVarDeclCheckArgs
[92m[ PASS ][0m LValExprDiffType
[92m[ PASS ][0m ParseIntNotString
[92m[ PASS ][0m MethodDeclWrongType
[92m[ PASS ][0m StatementVarDeclRedefinition
[92m[ PASS ][0m StatementScopeRedefinition
[92m[ PASS ][0m BinaryExprLogicalToBool
[92m[ PASS ][0m StaticVarDeclTypeStillRequired
[92m[ PASS ][0m NewExprDifferentNewType
[92m[ PASS ][0m BinaryExprIntInBool
[91m[ FAIL ][0m BinaryExprInvalidOperand
Got error: 'b'''
Expected : 'b'Type violation in line 6\n''
Run './parser /homes/cs352/Spring23/Grading/tarindu/p2test/tests/testcases/type/BinaryExprInvalidOperand.java'
[92m[ PASS ][0m LiteralExprBoolToInt
[92m[ PASS ][0m StatementPrintBadExpr2
[91m[ FAIL ][0m MultipleErrorsVarDecl
Got error: 'b'Type Violation in Line 19 \nType Violation in Line 20 \nType Violation in Line 21 \nType Violation in Line 21 \nType Violation in Line 21 \n''
Expected : 'b'Type violation in line 19\nType violation in line 20\nType violation in line 21\nType violation in line 21\nType violation in line 21\n''
Run './parser /homes/cs352/Spring23/Grading/tarindu/p2test/tests/testcases/type/MultipleErrorsVarDecl.java'
[92m[ PASS ][0m MethodDeclBadReturnType
[91m[ FAIL ][0m StatementAssignWrongTypes
Got error: 'b'''
Expected : 'b'Type violation in line 7\n''
Run './parser /homes/cs352/Spring23/Grading/tarindu/p2test/tests/testcases/type/StatementAssignWrongTypes.java'
[92m[ PASS ][0m MethodDeclAssignMethod2
[92m[ PASS ][0m StatementPrintBadExpr
[92m[ PASS ][0m MethodDeclBadExprInCall
[92m[ PASS ][0m MethodDeclAssignMethod
[91m[ FAIL ][0m MethodDeclRedefinition
Got error: 'b'Type Violation in Line 8 \n''
Expected : 'b'Type violation in line 6\n''
Run './parser /homes/cs352/Spring23/Grading/tarindu/p2test/tests/testcases/type/MethodDeclRedefinition.java'
[92m[ PASS ][0m MethodDeclTooFewArgs
[92m[ PASS ][0m StatementAssignBadLValue
[92m[ PASS ][0m UnaryExprNotEvalBool
[92m[ PASS ][0m NewExprBoolInNew
[91m[ FAIL ][0m StaticVarDeclRedefinition
Got error: 'b'Type Violation in Line 8 \n''
Expected : 'b'Type violation in line 6\n''
Run './parser /homes/cs352/Spring23/Grading/tarindu/p2test/tests/testcases/type/StaticVarDeclRedefinition.java'
[92m[ PASS ][0m NewExprArrayInNew
[92m[ PASS ][0m LValExprTooManyBrackets
[91m[ FAIL ][0m MultipleErrorsStaticVars
Got error: 'b'Type Violation in Line 8 \nType Violation in Line 9 \n''
Expected : 'b'Type violation in line 8\nType violation in line 9\n''
Run './parser /homes/cs352/Spring23/Grading/tarindu/p2test/tests/testcases/type/MultipleErrorsStaticVars.java'
[92m[ PASS ][0m StatementAssignBadExpr
[92m[ PASS ][0m StatementAssignBadLValue2
[92m[ PASS ][0m MethodDeclAssignIntToBool
[92m[ PASS ][0m StatementConditionalRecurseError
[92m[ PASS ][0m UnaryExprLength
[92m[ PASS ][0m UnaryExprUnaryString
[92m[ PASS ][0m StatementConditionalWhile.NotBoolCond
[92m[ PASS ][0m BinaryExprArrayInOp
[91m[ FAIL ][0m StatementConditionalIf.NotBoolCond
Got error: 'b'Type Violation in Line 0 \n''
Expected : 'b'Type violation in line 6\n''
Run './parser /homes/cs352/Spring23/Grading/tarindu/p2test/tests/testcases/type/StatementConditionalIf.NotBoolCond.java'
[92m[ PASS ][0m UnaryExprNotInt"
jensen97,2023-03-15,23:53:51,50.0,4.0,"[92m[ PASS ][0m NoMain
[92m[ PASS ][0m NestedIf
[92m[ PASS ][0m TwoClasses
[92m[ PASS ][0m NewMain
[91m[ FAIL ][0m MultipleErrorsCombined
Got error: 'b'''
Expected : 'b'Type violation in line 14\nType violation in line 15\nType violation in line 16\nType violation in line 17\nType violation in line 18\n''
Run './parser /homes/cs352/Spring23/Grading/tarindu/p2test/tests/testcases/type/MultipleErrorsCombined.java'
[91m[ FAIL ][0m MultipleErrorsDoubleDecl
Got error: 'b'''
Expected : 'b'Type violation in line 9\nType violation in line 10\n''
Run './parser /homes/cs352/Spring23/Grading/tarindu/p2test/tests/testcases/type/MultipleErrorsDoubleDecl.java'
[91m[ FAIL ][0m StatementScopeRedefineSym
Got error: 'b'''
Expected : 'b'Type violation in line 9\n''
Run './parser /homes/cs352/Spring23/Grading/tarindu/p2test/tests/testcases/type/StatementScopeRedefineSym.java'
[91m[ FAIL ][0m LiteralExprIntToArray
Got error: 'b'''
Expected : 'b'Type violation in line 4\n''
Run './parser /homes/cs352/Spring23/Grading/tarindu/p2test/tests/testcases/type/LiteralExprIntToArray.java'
[91m[ FAIL ][0m StatementReturnWrongType
Got error: 'b'''
Expected : 'b'Type violation in line 6\n''
Run './parser /homes/cs352/Spring23/Grading/tarindu/p2test/tests/testcases/type/StatementReturnWrongType.java'
[91m[ FAIL ][0m UnaryExprUnaryBool
Got error: 'b'''
Expected : 'b'Type violation in line 5\n''
Run './parser /homes/cs352/Spring23/Grading/tarindu/p2test/tests/testcases/type/UnaryExprUnaryBool.java'
[91m[ FAIL ][0m StatementMethodCallWrongTypes
Got error: 'b'''
Expected : 'b'Type Violation in Line 7\n''
Run './parser /homes/cs352/Spring23/Grading/tarindu/p2test/tests/testcases/type/StatementMethodCallWrongTypes.java'
[91m[ FAIL ][0m StatementVarDeclCheckArgs
Got error: 'b'''
Expected : 'b'Type violation in line 6\n''
Run './parser /homes/cs352/Spring23/Grading/tarindu/p2test/tests/testcases/type/StatementVarDeclCheckArgs.java'
[91m[ FAIL ][0m LValExprDiffType
Got error: 'b'''
Expected : 'b'Type violation in line 6\n''
Run './parser /homes/cs352/Spring23/Grading/tarindu/p2test/tests/testcases/type/LValExprDiffType.java'
[91m[ FAIL ][0m ParseIntNotString
Got error: 'b'''
Expected : 'b'Type violation in line 6\n''
Run './parser /homes/cs352/Spring23/Grading/tarindu/p2test/tests/testcases/type/ParseIntNotString.java'
[91m[ FAIL ][0m MethodDeclWrongType
Got error: 'b'''
Expected : 'b'Type violation in line 5\n''
Run './parser /homes/cs352/Spring23/Grading/tarindu/p2test/tests/testcases/type/MethodDeclWrongType.java'
[91m[ FAIL ][0m StatementVarDeclRedefinition
Got error: 'b'''
Expected : 'b'Type violation in line 7\n''
Run './parser /homes/cs352/Spring23/Grading/tarindu/p2test/tests/testcases/type/StatementVarDeclRedefinition.java'
[91m[ FAIL ][0m StatementScopeRedefinition
Got error: 'b'''
Expected : 'b'Type violation in line 8\n''
Run './parser /homes/cs352/Spring23/Grading/tarindu/p2test/tests/testcases/type/StatementScopeRedefinition.java'
[91m[ FAIL ][0m BinaryExprLogicalToBool
Got error: 'b'''
Expected : 'b'Type violation in line 5\n''
Run './parser /homes/cs352/Spring23/Grading/tarindu/p2test/tests/testcases/type/BinaryExprLogicalToBool.java'
[91m[ FAIL ][0m StaticVarDeclTypeStillRequired
Got error: 'b'''
Expected : 'b'Type violation in line 5\n''
Run './parser /homes/cs352/Spring23/Grading/tarindu/p2test/tests/testcases/type/StaticVarDeclTypeStillRequired.java'
[91m[ FAIL ][0m NewExprDifferentNewType
Got error: 'b'''
Expected : 'b'Type violation in line 5\n''
Run './parser /homes/cs352/Spring23/Grading/tarindu/p2test/tests/testcases/type/NewExprDifferentNewType.java'
[91m[ FAIL ][0m BinaryExprIntInBool
Got error: 'b'''
Expected : 'b'Type violation in line 7\n''
Run './parser /homes/cs352/Spring23/Grading/tarindu/p2test/tests/testcases/type/BinaryExprIntInBool.java'
[91m[ FAIL ][0m BinaryExprInvalidOperand
Got error: 'b'''
Expected : 'b'Type violation in line 6\n''
Run './parser /homes/cs352/Spring23/Grading/tarindu/p2test/tests/testcases/type/BinaryExprInvalidOperand.java'
[91m[ FAIL ][0m LiteralExprBoolToInt
Got error: 'b'''
Expected : 'b'Type violation in line 5\n''
Run './parser /homes/cs352/Spring23/Grading/tarindu/p2test/tests/testcases/type/LiteralExprBoolToInt.java'
[91m[ FAIL ][0m StatementPrintBadExpr2
Got error: 'b'''
Expected : 'b'Type violation in line 6\n''
Run './parser /homes/cs352/Spring23/Grading/tarindu/p2test/tests/testcases/type/StatementPrintBadExpr2.java'
[91m[ FAIL ][0m MultipleErrorsVarDecl
Got error: 'b'''
Expected : 'b'Type violation in line 19\nType violation in line 20\nType violation in line 21\nType violation in line 21\nType violation in line 21\n''
Run './parser /homes/cs352/Spring23/Grading/tarindu/p2test/tests/testcases/type/MultipleErrorsVarDecl.java'
[91m[ FAIL ][0m MethodDeclBadReturnType
Got error: 'b'''
Expected : 'b'Type violation in line 5\n''
Run './parser /homes/cs352/Spring23/Grading/tarindu/p2test/tests/testcases/type/MethodDeclBadReturnType.java'
[91m[ FAIL ][0m StatementAssignWrongTypes
Got error: 'b'''
Expected : 'b'Type violation in line 7\n''
Run './parser /homes/cs352/Spring23/Grading/tarindu/p2test/tests/testcases/type/StatementAssignWrongTypes.java'
[91m[ FAIL ][0m MethodDeclAssignMethod2
Got error: 'b'''
Expected : 'b'Type violation in line 5\n''
Run './parser /homes/cs352/Spring23/Grading/tarindu/p2test/tests/testcases/type/MethodDeclAssignMethod2.java'
[91m[ FAIL ][0m StatementPrintBadExpr
Got error: 'b'''
Expected : 'b'Type violation in line 8\n''
Run './parser /homes/cs352/Spring23/Grading/tarindu/p2test/tests/testcases/type/StatementPrintBadExpr.java'
[91m[ FAIL ][0m MethodDeclBadExprInCall
Got error: 'b'''
Expected : 'b'Type violation in line 8\n''
Run './parser /homes/cs352/Spring23/Grading/tarindu/p2test/tests/testcases/type/MethodDeclBadExprInCall.java'
[91m[ FAIL ][0m MethodDeclAssignMethod
Got error: 'b'''
Expected : 'b'Type violation in line 5\n''
Run './parser /homes/cs352/Spring23/Grading/tarindu/p2test/tests/testcases/type/MethodDeclAssignMethod.java'
[91m[ FAIL ][0m MethodDeclRedefinition
Got error: 'b'''
Expected : 'b'Type violation in line 6\n''
Run './parser /homes/cs352/Spring23/Grading/tarindu/p2test/tests/testcases/type/MethodDeclRedefinition.java'
[91m[ FAIL ][0m MethodDeclTooFewArgs
Got error: 'b'''
Expected : 'b'Type violation in line 6\n''
Run './parser /homes/cs352/Spring23/Grading/tarindu/p2test/tests/testcases/type/MethodDeclTooFewArgs.java'
[91m[ FAIL ][0m StatementAssignBadLValue
Got error: 'b'''
Expected : 'b'Type violation in line 7\n''
Run './parser /homes/cs352/Spring23/Grading/tarindu/p2test/tests/testcases/type/StatementAssignBadLValue.java'
[91m[ FAIL ][0m UnaryExprNotEvalBool
Got error: 'b'''
Expected : 'b'Type violation in line 5\n''
Run './parser /homes/cs352/Spring23/Grading/tarindu/p2test/tests/testcases/type/UnaryExprNotEvalBool.java'
[91m[ FAIL ][0m NewExprBoolInNew
Got error: 'b'''
Expected : 'b'Type violation in line 5\n''
Run './parser /homes/cs352/Spring23/Grading/tarindu/p2test/tests/testcases/type/NewExprBoolInNew.java'
[91m[ FAIL ][0m StaticVarDeclRedefinition
Got error: 'b'''
Expected : 'b'Type violation in line 6\n''
Run './parser /homes/cs352/Spring23/Grading/tarindu/p2test/tests/testcases/type/StaticVarDeclRedefinition.java'
[91m[ FAIL ][0m NewExprArrayInNew
Got error: 'b'''
Expected : 'b'Type violation in line 5\n''
Run './parser /homes/cs352/Spring23/Grading/tarindu/p2test/tests/testcases/type/NewExprArrayInNew.java'
[91m[ FAIL ][0m LValExprTooManyBrackets
Got error: 'b'''
Expected : 'b'Type violation in line 6\n''
Run './parser /homes/cs352/Spring23/Grading/tarindu/p2test/tests/testcases/type/LValExprTooManyBrackets.java'
[91m[ FAIL ][0m MultipleErrorsStaticVars
Got error: 'b'''
Expected : 'b'Type violation in line 8\nType violation in line 9\n''
Run './parser /homes/cs352/Spring23/Grading/tarindu/p2test/tests/testcases/type/MultipleErrorsStaticVars.java'
[91m[ FAIL ][0m StatementAssignBadExpr
Got error: 'b'''
Expected : 'b'Type violation in line 9\n''
Run './parser /homes/cs352/Spring23/Grading/tarindu/p2test/tests/testcases/type/StatementAssignBadExpr.java'
[91m[ FAIL ][0m StatementAssignBadLValue2
Got error: 'b'''
Expected : 'b'Type Violation in Line 6\n''
Run './parser /homes/cs352/Spring23/Grading/tarindu/p2test/tests/testcases/type/StatementAssignBadLValue2.java'
[91m[ FAIL ][0m MethodDeclAssignIntToBool
Got error: 'b'''
Expected : 'b'Type Violation in Line 5\n''
Run './parser /homes/cs352/Spring23/Grading/tarindu/p2test/tests/testcases/type/MethodDeclAssignIntToBool.java'
[91m[ FAIL ][0m StatementConditionalRecurseError
Got error: 'b'''
Expected : 'b'Type violation in line 7\n''
Run './parser /homes/cs352/Spring23/Grading/tarindu/p2test/tests/testcases/type/StatementConditionalRecurseError.java'
[91m[ FAIL ][0m UnaryExprLength
Got error: 'b'''
Expected : 'b'Type violation in line 6\n''
Run './parser /homes/cs352/Spring23/Grading/tarindu/p2test/tests/testcases/type/UnaryExprLength.java'
[91m[ FAIL ][0m UnaryExprUnaryString
Got error: 'b'''
Expected : 'b'Type violation in line 5\n''
Run './parser /homes/cs352/Spring23/Grading/tarindu/p2test/tests/testcases/type/UnaryExprUnaryString.java'
[91m[ FAIL ][0m StatementConditionalWhile.NotBoolCond
Got error: 'b'''
Expected : 'b'Type violation in line 6\n''
Run './parser /homes/cs352/Spring23/Grading/tarindu/p2test/tests/testcases/type/StatementConditionalWhile.NotBoolCond.java'
[91m[ FAIL ][0m BinaryExprArrayInOp
Got error: 'b'''
Expected : 'b'Type violation in line 7\n''
Run './parser /homes/cs352/Spring23/Grading/tarindu/p2test/tests/testcases/type/BinaryExprArrayInOp.java'
[91m[ FAIL ][0m StatementConditionalIf.NotBoolCond
Got error: 'b'''
Expected : 'b'Type violation in line 6\n''
Run './parser /homes/cs352/Spring23/Grading/tarindu/p2test/tests/testcases/type/StatementConditionalIf.NotBoolCond.java'
[91m[ FAIL ][0m UnaryExprNotInt
Got error: 'b'''
Expected : 'b'Type violation in line 5\n''
Run './parser /homes/cs352/Spring23/Grading/tarindu/p2test/tests/testcases/type/UnaryExprNotInt.java'"
jpha,2023-03-15,23:57:41,48.0,30.0,"[92m[ PASS ][0m NoMain
[92m[ PASS ][0m NestedIf
[92m[ PASS ][0m TwoClasses
[92m[ PASS ][0m NewMain
[92m[ PASS ][0m MultipleErrorsCombined
[92m[ PASS ][0m MultipleErrorsDoubleDecl
[92m[ PASS ][0m StatementScopeRedefineSym
[92m[ PASS ][0m LiteralExprIntToArray
[92m[ PASS ][0m StatementReturnWrongType
[92m[ PASS ][0m UnaryExprUnaryBool
[92m[ PASS ][0m StatementMethodCallWrongTypes
[91m[ FAIL ][0m StatementVarDeclCheckArgs
Got error: 'b'''
Expected : 'b'Type violation in line 6\n''
Run './parser /homes/cs352/Spring23/Grading/tarindu/p2test/tests/testcases/type/StatementVarDeclCheckArgs.java'
[91m[ FAIL ][0m LValExprDiffType
Got error: 'b'Type Violation in Line 5\n''
Expected : 'b'Type violation in line 6\n''
Run './parser /homes/cs352/Spring23/Grading/tarindu/p2test/tests/testcases/type/LValExprDiffType.java'
[91m[ FAIL ][0m ParseIntNotString
Got error: 'b'Syntax errors in line 6\n''
Expected : 'b'Type violation in line 6\n''
Run './parser /homes/cs352/Spring23/Grading/tarindu/p2test/tests/testcases/type/ParseIntNotString.java'
[92m[ PASS ][0m MethodDeclWrongType
[92m[ PASS ][0m StatementVarDeclRedefinition
[92m[ PASS ][0m StatementScopeRedefinition
[91m[ FAIL ][0m BinaryExprLogicalToBool
Got error: 'b'''
Expected : 'b'Type violation in line 5\n''
Run './parser /homes/cs352/Spring23/Grading/tarindu/p2test/tests/testcases/type/BinaryExprLogicalToBool.java'
[91m[ FAIL ][0m StaticVarDeclTypeStillRequired
Got error: 'b'''
Expected : 'b'Type violation in line 5\n''
Run './parser /homes/cs352/Spring23/Grading/tarindu/p2test/tests/testcases/type/StaticVarDeclTypeStillRequired.java'
[92m[ PASS ][0m NewExprDifferentNewType
[92m[ PASS ][0m BinaryExprIntInBool
[92m[ PASS ][0m BinaryExprInvalidOperand
[92m[ PASS ][0m LiteralExprBoolToInt
[92m[ PASS ][0m StatementPrintBadExpr2
[91m[ FAIL ][0m MultipleErrorsVarDecl
Got error: 'b'Type Violation in Line 19\nType Violation in Line 20\nType Violation in Line 21\nType Violation in Line 21\n''
Expected : 'b'Type violation in line 19\nType violation in line 20\nType violation in line 21\nType violation in line 21\nType violation in line 21\n''
Run './parser /homes/cs352/Spring23/Grading/tarindu/p2test/tests/testcases/type/MultipleErrorsVarDecl.java'
[91m[ FAIL ][0m MethodDeclBadReturnType
Got error: 'b'''
Expected : 'b'Type violation in line 5\n''
Run './parser /homes/cs352/Spring23/Grading/tarindu/p2test/tests/testcases/type/MethodDeclBadReturnType.java'
[91m[ FAIL ][0m StatementAssignWrongTypes
Got error: 'b'''
Expected : 'b'Type violation in line 7\n''
Run './parser /homes/cs352/Spring23/Grading/tarindu/p2test/tests/testcases/type/StatementAssignWrongTypes.java'
[91m[ FAIL ][0m MethodDeclAssignMethod2
Got error: 'b'''
Expected : 'b'Type violation in line 5\n''
Run './parser /homes/cs352/Spring23/Grading/tarindu/p2test/tests/testcases/type/MethodDeclAssignMethod2.java'
[92m[ PASS ][0m StatementPrintBadExpr
[92m[ PASS ][0m MethodDeclBadExprInCall
[91m[ FAIL ][0m MethodDeclAssignMethod
Got error: 'b'''
Expected : 'b'Type violation in line 5\n''
Run './parser /homes/cs352/Spring23/Grading/tarindu/p2test/tests/testcases/type/MethodDeclAssignMethod.java'
[91m[ FAIL ][0m MethodDeclRedefinition
Got error: 'b'''
Expected : 'b'Type violation in line 6\n''
Run './parser /homes/cs352/Spring23/Grading/tarindu/p2test/tests/testcases/type/MethodDeclRedefinition.java'
[92m[ PASS ][0m MethodDeclTooFewArgs
[91m[ FAIL ][0m StatementAssignBadLValue
Got error: 'b'''
Expected : 'b'Type violation in line 7\n''
Run './parser /homes/cs352/Spring23/Grading/tarindu/p2test/tests/testcases/type/StatementAssignBadLValue.java'
[92m[ PASS ][0m UnaryExprNotEvalBool
[92m[ PASS ][0m NewExprBoolInNew
[92m[ PASS ][0m StaticVarDeclRedefinition
[92m[ PASS ][0m NewExprArrayInNew
[91m[ FAIL ][0m LValExprTooManyBrackets
Got error: 'b'Type Violation in Line 5\n''
Expected : 'b'Type violation in line 6\n''
Run './parser /homes/cs352/Spring23/Grading/tarindu/p2test/tests/testcases/type/LValExprTooManyBrackets.java'
[92m[ PASS ][0m MultipleErrorsStaticVars
[92m[ PASS ][0m StatementAssignBadExpr
[91m[ FAIL ][0m StatementAssignBadLValue2
Got error: 'b'''
Expected : 'b'Type Violation in Line 6\n''
Run './parser /homes/cs352/Spring23/Grading/tarindu/p2test/tests/testcases/type/StatementAssignBadLValue2.java'
[91m[ FAIL ][0m MethodDeclAssignIntToBool
Got error: 'b'''
Expected : 'b'Type Violation in Line 5\n''
Run './parser /homes/cs352/Spring23/Grading/tarindu/p2test/tests/testcases/type/MethodDeclAssignIntToBool.java'
[91m[ FAIL ][0m StatementConditionalRecurseError
Got error: 'b'''
Expected : 'b'Type violation in line 7\n''
Run './parser /homes/cs352/Spring23/Grading/tarindu/p2test/tests/testcases/type/StatementConditionalRecurseError.java'
[91m[ FAIL ][0m UnaryExprLength
Got error: 'b'Syntax errors in line 6\n''
Expected : 'b'Type violation in line 6\n''
Run './parser /homes/cs352/Spring23/Grading/tarindu/p2test/tests/testcases/type/UnaryExprLength.java'
[92m[ PASS ][0m UnaryExprUnaryString
[91m[ FAIL ][0m StatementConditionalWhile.NotBoolCond
Got error: 'b'''
Expected : 'b'Type violation in line 6\n''
Run './parser /homes/cs352/Spring23/Grading/tarindu/p2test/tests/testcases/type/StatementConditionalWhile.NotBoolCond.java'
[91m[ FAIL ][0m BinaryExprArrayInOp
Got error: 'b'''
Expected : 'b'Type violation in line 7\n''
Run './parser /homes/cs352/Spring23/Grading/tarindu/p2test/tests/testcases/type/BinaryExprArrayInOp.java'
[91m[ FAIL ][0m StatementConditionalIf.NotBoolCond
Got error: 'b'''
Expected : 'b'Type violation in line 6\n''
Run './parser /homes/cs352/Spring23/Grading/tarindu/p2test/tests/testcases/type/StatementConditionalIf.NotBoolCond.java'
[92m[ PASS ][0m UnaryExprNotInt"
kang377,2023-03-12,22:26:04,50.0,46.0,"[92m[ PASS ][0m NoMain
[92m[ PASS ][0m NestedIf
[92m[ PASS ][0m TwoClasses
[92m[ PASS ][0m NewMain
[91m[ FAIL ][0m MultipleErrorsCombined
Got error: 'b'Type violation in line 14\nType violation in line 15\nType violation in line 17\nType violation in line 18\n''
Expected : 'b'Type violation in line 14\nType violation in line 15\nType violation in line 16\nType violation in line 17\nType violation in line 18\n''
Run './parser /homes/cs352/Spring23/Grading/tarindu/p2test/tests/testcases/type/MultipleErrorsCombined.java'
[92m[ PASS ][0m MultipleErrorsDoubleDecl
[92m[ PASS ][0m StatementScopeRedefineSym
[92m[ PASS ][0m LiteralExprIntToArray
[91m[ FAIL ][0m StatementReturnWrongType
Got error: 'b'''
Expected : 'b'Type violation in line 6\n''
Run './parser /homes/cs352/Spring23/Grading/tarindu/p2test/tests/testcases/type/StatementReturnWrongType.java'
[92m[ PASS ][0m UnaryExprUnaryBool
[92m[ PASS ][0m StatementMethodCallWrongTypes
[92m[ PASS ][0m StatementVarDeclCheckArgs
[92m[ PASS ][0m LValExprDiffType
[92m[ PASS ][0m ParseIntNotString
[92m[ PASS ][0m MethodDeclWrongType
[92m[ PASS ][0m StatementVarDeclRedefinition
[92m[ PASS ][0m StatementScopeRedefinition
[92m[ PASS ][0m BinaryExprLogicalToBool
[92m[ PASS ][0m StaticVarDeclTypeStillRequired
[92m[ PASS ][0m NewExprDifferentNewType
[92m[ PASS ][0m BinaryExprIntInBool
[92m[ PASS ][0m BinaryExprInvalidOperand
[92m[ PASS ][0m LiteralExprBoolToInt
[92m[ PASS ][0m StatementPrintBadExpr2
[91m[ FAIL ][0m MultipleErrorsVarDecl
Got error: 'b'Type violation in line 19\nType violation in line 21\nType violation in line 21\n''
Expected : 'b'Type violation in line 19\nType violation in line 20\nType violation in line 21\nType violation in line 21\nType violation in line 21\n''
Run './parser /homes/cs352/Spring23/Grading/tarindu/p2test/tests/testcases/type/MultipleErrorsVarDecl.java'
[92m[ PASS ][0m MethodDeclBadReturnType
[92m[ PASS ][0m StatementAssignWrongTypes
[92m[ PASS ][0m MethodDeclAssignMethod2
[92m[ PASS ][0m StatementPrintBadExpr
[91m[ FAIL ][0m MethodDeclBadExprInCall
Got error: 'b'Type violation in line 8\nType violation in line 8\n''
Expected : 'b'Type violation in line 8\n''
Run './parser /homes/cs352/Spring23/Grading/tarindu/p2test/tests/testcases/type/MethodDeclBadExprInCall.java'
[92m[ PASS ][0m MethodDeclAssignMethod
[92m[ PASS ][0m MethodDeclRedefinition
[92m[ PASS ][0m MethodDeclTooFewArgs
[92m[ PASS ][0m StatementAssignBadLValue
[92m[ PASS ][0m UnaryExprNotEvalBool
[92m[ PASS ][0m NewExprBoolInNew
[92m[ PASS ][0m StaticVarDeclRedefinition
[92m[ PASS ][0m NewExprArrayInNew
[92m[ PASS ][0m LValExprTooManyBrackets
[92m[ PASS ][0m MultipleErrorsStaticVars
[92m[ PASS ][0m StatementAssignBadExpr
[92m[ PASS ][0m StatementAssignBadLValue2
[92m[ PASS ][0m MethodDeclAssignIntToBool
[92m[ PASS ][0m StatementConditionalRecurseError
[92m[ PASS ][0m UnaryExprLength
[92m[ PASS ][0m UnaryExprUnaryString
[92m[ PASS ][0m StatementConditionalWhile.NotBoolCond
[92m[ PASS ][0m BinaryExprArrayInOp
[92m[ PASS ][0m StatementConditionalIf.NotBoolCond
[92m[ PASS ][0m UnaryExprNotInt"
kim2942,2023-03-08,12:36:50,50.0,50.0,"[92m[ PASS ][0m NoMain
[92m[ PASS ][0m NestedIf
[92m[ PASS ][0m TwoClasses
[92m[ PASS ][0m NewMain
[92m[ PASS ][0m MultipleErrorsCombined
[92m[ PASS ][0m MultipleErrorsDoubleDecl
[92m[ PASS ][0m StatementScopeRedefineSym
[92m[ PASS ][0m LiteralExprIntToArray
[92m[ PASS ][0m StatementReturnWrongType
[92m[ PASS ][0m UnaryExprUnaryBool
[92m[ PASS ][0m StatementMethodCallWrongTypes
[92m[ PASS ][0m StatementVarDeclCheckArgs
[92m[ PASS ][0m LValExprDiffType
[92m[ PASS ][0m ParseIntNotString
[92m[ PASS ][0m MethodDeclWrongType
[92m[ PASS ][0m StatementVarDeclRedefinition
[92m[ PASS ][0m StatementScopeRedefinition
[92m[ PASS ][0m BinaryExprLogicalToBool
[92m[ PASS ][0m StaticVarDeclTypeStillRequired
[92m[ PASS ][0m NewExprDifferentNewType
[92m[ PASS ][0m BinaryExprIntInBool
[92m[ PASS ][0m BinaryExprInvalidOperand
[92m[ PASS ][0m LiteralExprBoolToInt
[92m[ PASS ][0m StatementPrintBadExpr2
[92m[ PASS ][0m MultipleErrorsVarDecl
[92m[ PASS ][0m MethodDeclBadReturnType
[92m[ PASS ][0m StatementAssignWrongTypes
[92m[ PASS ][0m MethodDeclAssignMethod2
[92m[ PASS ][0m StatementPrintBadExpr
[92m[ PASS ][0m MethodDeclBadExprInCall
[92m[ PASS ][0m MethodDeclAssignMethod
[92m[ PASS ][0m MethodDeclRedefinition
[92m[ PASS ][0m MethodDeclTooFewArgs
[92m[ PASS ][0m StatementAssignBadLValue
[92m[ PASS ][0m UnaryExprNotEvalBool
[92m[ PASS ][0m NewExprBoolInNew
[92m[ PASS ][0m StaticVarDeclRedefinition
[92m[ PASS ][0m NewExprArrayInNew
[92m[ PASS ][0m LValExprTooManyBrackets
[92m[ PASS ][0m MultipleErrorsStaticVars
[92m[ PASS ][0m StatementAssignBadExpr
[92m[ PASS ][0m StatementAssignBadLValue2
[92m[ PASS ][0m MethodDeclAssignIntToBool
[92m[ PASS ][0m StatementConditionalRecurseError
[92m[ PASS ][0m UnaryExprLength
[92m[ PASS ][0m UnaryExprUnaryString
[92m[ PASS ][0m StatementConditionalWhile.NotBoolCond
[92m[ PASS ][0m BinaryExprArrayInOp
[92m[ PASS ][0m StatementConditionalIf.NotBoolCond
[92m[ PASS ][0m UnaryExprNotInt"
kong98,2023-03-08,22:55:48,50.0,40.0,"[92m[ PASS ][0m NoMain
[92m[ PASS ][0m NestedIf
[92m[ PASS ][0m TwoClasses
[92m[ PASS ][0m NewMain
[92m[ PASS ][0m MultipleErrorsCombined
[92m[ PASS ][0m MultipleErrorsDoubleDecl
[92m[ PASS ][0m StatementScopeRedefineSym
[92m[ PASS ][0m LiteralExprIntToArray
[91m[ FAIL ][0m StatementReturnWrongType
Got error: 'b'''
Expected : 'b'Type violation in line 6\n''
Run './parser /homes/cs352/Spring23/Grading/tarindu/p2test/tests/testcases/type/StatementReturnWrongType.java'
[92m[ PASS ][0m UnaryExprUnaryBool
[91m[ FAIL ][0m StatementMethodCallWrongTypes
Got error: 'b'''
Expected : 'b'Type Violation in Line 7\n''
Run './parser /homes/cs352/Spring23/Grading/tarindu/p2test/tests/testcases/type/StatementMethodCallWrongTypes.java'
[92m[ PASS ][0m StatementVarDeclCheckArgs
[92m[ PASS ][0m LValExprDiffType
[92m[ PASS ][0m ParseIntNotString
[92m[ PASS ][0m MethodDeclWrongType
[92m[ PASS ][0m StatementVarDeclRedefinition
[92m[ PASS ][0m StatementScopeRedefinition
[92m[ PASS ][0m BinaryExprLogicalToBool
[92m[ PASS ][0m StaticVarDeclTypeStillRequired
[92m[ PASS ][0m NewExprDifferentNewType
[92m[ PASS ][0m BinaryExprIntInBool
[92m[ PASS ][0m BinaryExprInvalidOperand
[92m[ PASS ][0m LiteralExprBoolToInt
[92m[ PASS ][0m StatementPrintBadExpr2
[91m[ FAIL ][0m MultipleErrorsVarDecl
Got error: 'b'Type Violation in Line 19\nType Violation in Line 20\nType Violation in Line 21\nType Violation in Line 21\nType Violation in Line 21\nType Violation in Line 21\nType Violation in Line 21\nType Violation in Line 21\nType Violation in Line 21\nType Violation in Line 21\n''
Expected : 'b'Type violation in line 19\nType violation in line 20\nType violation in line 21\nType violation in line 21\nType violation in line 21\n''
Run './parser /homes/cs352/Spring23/Grading/tarindu/p2test/tests/testcases/type/MultipleErrorsVarDecl.java'
[92m[ PASS ][0m MethodDeclBadReturnType
[92m[ PASS ][0m StatementAssignWrongTypes
[91m[ FAIL ][0m MethodDeclAssignMethod2
Got error: 'b'Type Violation in Line 5\nType Violation in Line 5\n''
Expected : 'b'Type violation in line 5\n''
Run './parser /homes/cs352/Spring23/Grading/tarindu/p2test/tests/testcases/type/MethodDeclAssignMethod2.java'
[92m[ PASS ][0m StatementPrintBadExpr
[92m[ PASS ][0m MethodDeclBadExprInCall
[91m[ FAIL ][0m MethodDeclAssignMethod
Got error: 'b'Type Violation in Line 5\nType Violation in Line 5\n''
Expected : 'b'Type violation in line 5\n''
Run './parser /homes/cs352/Spring23/Grading/tarindu/p2test/tests/testcases/type/MethodDeclAssignMethod.java'
[91m[ FAIL ][0m MethodDeclRedefinition
Got error: 'b'''
Expected : 'b'Type violation in line 6\n''
Run './parser /homes/cs352/Spring23/Grading/tarindu/p2test/tests/testcases/type/MethodDeclRedefinition.java'
[92m[ PASS ][0m MethodDeclTooFewArgs
[91m[ FAIL ][0m StatementAssignBadLValue
Got error: 'b'Type Violation in Line 7\nType Violation in Line 7\nType Violation in Line 7\n''
Expected : 'b'Type violation in line 7\n''
Run './parser /homes/cs352/Spring23/Grading/tarindu/p2test/tests/testcases/type/StatementAssignBadLValue.java'
[92m[ PASS ][0m UnaryExprNotEvalBool
[92m[ PASS ][0m NewExprBoolInNew
[92m[ PASS ][0m StaticVarDeclRedefinition
[92m[ PASS ][0m NewExprArrayInNew
[91m[ FAIL ][0m LValExprTooManyBrackets
Got error: 'b'''
Expected : 'b'Type violation in line 6\n''
Run './parser /homes/cs352/Spring23/Grading/tarindu/p2test/tests/testcases/type/LValExprTooManyBrackets.java'
[92m[ PASS ][0m MultipleErrorsStaticVars
[91m[ FAIL ][0m StatementAssignBadExpr
Got error: 'b'Type Violation in Line 9\nType Violation in Line 9\n''
Expected : 'b'Type violation in line 9\n''
Run './parser /homes/cs352/Spring23/Grading/tarindu/p2test/tests/testcases/type/StatementAssignBadExpr.java'
[92m[ PASS ][0m StatementAssignBadLValue2
[92m[ PASS ][0m MethodDeclAssignIntToBool
[92m[ PASS ][0m StatementConditionalRecurseError
[92m[ PASS ][0m UnaryExprLength
[92m[ PASS ][0m UnaryExprUnaryString
[92m[ PASS ][0m StatementConditionalWhile.NotBoolCond
[91m[ FAIL ][0m BinaryExprArrayInOp
Got error: 'b'Type Violation in Line 7\nType Violation in Line 7\n''
Expected : 'b'Type violation in line 7\n''
Run './parser /homes/cs352/Spring23/Grading/tarindu/p2test/tests/testcases/type/BinaryExprArrayInOp.java'
[92m[ PASS ][0m StatementConditionalIf.NotBoolCond
[92m[ PASS ][0m UnaryExprNotInt"
lee3380,2023-03-08,19:04:25,50.0,44.0,"[92m[ PASS ][0m NoMain
[92m[ PASS ][0m NestedIf
[92m[ PASS ][0m TwoClasses
[92m[ PASS ][0m NewMain
[91m[ FAIL ][0m MultipleErrorsCombined
Got error: 'b'Type Violation in Line 14\n''
Expected : 'b'Type violation in line 14\nType violation in line 15\nType violation in line 16\nType violation in line 17\nType violation in line 18\n''
Run './parser /homes/cs352/Spring23/Grading/tarindu/p2test/tests/testcases/type/MultipleErrorsCombined.java'
[91m[ FAIL ][0m MultipleErrorsDoubleDecl
Got error: 'b'''
Expected : 'b'Type violation in line 9\nType violation in line 10\n''
Run './parser /homes/cs352/Spring23/Grading/tarindu/p2test/tests/testcases/type/MultipleErrorsDoubleDecl.java'
[92m[ PASS ][0m StatementScopeRedefineSym
[92m[ PASS ][0m LiteralExprIntToArray
[91m[ FAIL ][0m StatementReturnWrongType
Got error: 'b'''
Expected : 'b'Type violation in line 6\n''
Run './parser /homes/cs352/Spring23/Grading/tarindu/p2test/tests/testcases/type/StatementReturnWrongType.java'
[92m[ PASS ][0m UnaryExprUnaryBool
[92m[ PASS ][0m StatementMethodCallWrongTypes
[92m[ PASS ][0m StatementVarDeclCheckArgs
[92m[ PASS ][0m LValExprDiffType
[92m[ PASS ][0m ParseIntNotString
[92m[ PASS ][0m MethodDeclWrongType
[92m[ PASS ][0m StatementVarDeclRedefinition
[92m[ PASS ][0m StatementScopeRedefinition
[92m[ PASS ][0m BinaryExprLogicalToBool
[92m[ PASS ][0m StaticVarDeclTypeStillRequired
[92m[ PASS ][0m NewExprDifferentNewType
[92m[ PASS ][0m BinaryExprIntInBool
[92m[ PASS ][0m BinaryExprInvalidOperand
[92m[ PASS ][0m LiteralExprBoolToInt
[92m[ PASS ][0m StatementPrintBadExpr2
[91m[ FAIL ][0m MultipleErrorsVarDecl
Got error: 'b'Type Violation in Line 19\n''
Expected : 'b'Type violation in line 19\nType violation in line 20\nType violation in line 21\nType violation in line 21\nType violation in line 21\n''
Run './parser /homes/cs352/Spring23/Grading/tarindu/p2test/tests/testcases/type/MultipleErrorsVarDecl.java'
[92m[ PASS ][0m MethodDeclBadReturnType
[92m[ PASS ][0m StatementAssignWrongTypes
[92m[ PASS ][0m MethodDeclAssignMethod2
[92m[ PASS ][0m StatementPrintBadExpr
[92m[ PASS ][0m MethodDeclBadExprInCall
[92m[ PASS ][0m MethodDeclAssignMethod
[91m[ FAIL ][0m MethodDeclRedefinition
Got error: 'b'''
Expected : 'b'Type violation in line 6\n''
Run './parser /homes/cs352/Spring23/Grading/tarindu/p2test/tests/testcases/type/MethodDeclRedefinition.java'
[92m[ PASS ][0m MethodDeclTooFewArgs
[92m[ PASS ][0m StatementAssignBadLValue
[92m[ PASS ][0m UnaryExprNotEvalBool
[92m[ PASS ][0m NewExprBoolInNew
[92m[ PASS ][0m StaticVarDeclRedefinition
[92m[ PASS ][0m NewExprArrayInNew
[92m[ PASS ][0m LValExprTooManyBrackets
[91m[ FAIL ][0m MultipleErrorsStaticVars
Got error: 'b'Type Violation in Line 8\n''
Expected : 'b'Type violation in line 8\nType violation in line 9\n''
Run './parser /homes/cs352/Spring23/Grading/tarindu/p2test/tests/testcases/type/MultipleErrorsStaticVars.java'
[92m[ PASS ][0m StatementAssignBadExpr
[92m[ PASS ][0m StatementAssignBadLValue2
[92m[ PASS ][0m MethodDeclAssignIntToBool
[92m[ PASS ][0m StatementConditionalRecurseError
[92m[ PASS ][0m UnaryExprLength
[92m[ PASS ][0m UnaryExprUnaryString
[92m[ PASS ][0m StatementConditionalWhile.NotBoolCond
[92m[ PASS ][0m BinaryExprArrayInOp
[92m[ PASS ][0m StatementConditionalIf.NotBoolCond
[92m[ PASS ][0m UnaryExprNotInt"
li3327,2023-03-13,21:23:22,2.0,2.0,"[92m[ PASS ][0m NoMain
[91m[ FAIL ][0m NestedIf
Got error: 'b'Syntax errors in line 4\n''
Expected : 'b'Syntax errors in line 8\n''
Run './parser /homes/cs352/Spring23/Grading/tarindu/p2test/tests/testcases/syntax/NestedIf.java'
[91m[ FAIL ][0m TwoClasses
Got error: 'b'Syntax errors in line 4\n''
Expected : 'b'Syntax errors in line 7\n''
Run './parser /homes/cs352/Spring23/Grading/tarindu/p2test/tests/testcases/syntax/TwoClasses.java'
[92m[ PASS ][0m NewMain
[91m[ FAIL ][0m MultipleErrorsCombined
Got error: 'b'Syntax errors in line 14\n''
Expected : 'b'Type violation in line 14\nType violation in line 15\nType violation in line 16\nType violation in line 17\nType violation in line 18\n''
Run './parser /homes/cs352/Spring23/Grading/tarindu/p2test/tests/testcases/type/MultipleErrorsCombined.java'
[91m[ FAIL ][0m MultipleErrorsDoubleDecl
Got error: 'b'Syntax errors in line 8\n''
Expected : 'b'Type violation in line 9\nType violation in line 10\n''
Run './parser /homes/cs352/Spring23/Grading/tarindu/p2test/tests/testcases/type/MultipleErrorsDoubleDecl.java'
[91m[ FAIL ][0m StatementScopeRedefineSym
Got error: 'b'Syntax errors in line 5\n''
Expected : 'b'Type violation in line 9\n''
Run './parser /homes/cs352/Spring23/Grading/tarindu/p2test/tests/testcases/type/StatementScopeRedefineSym.java'
[91m[ FAIL ][0m LiteralExprIntToArray
Got error: 'b'Syntax errors in line 4\n''
Expected : 'b'Type violation in line 4\n''
Run './parser /homes/cs352/Spring23/Grading/tarindu/p2test/tests/testcases/type/LiteralExprIntToArray.java'
[91m[ FAIL ][0m StatementReturnWrongType
Got error: 'b'Syntax errors in line 5\n''
Expected : 'b'Type violation in line 6\n''
Run './parser /homes/cs352/Spring23/Grading/tarindu/p2test/tests/testcases/type/StatementReturnWrongType.java'
[91m[ FAIL ][0m UnaryExprUnaryBool
Got error: 'b'Syntax errors in line 5\n''
Expected : 'b'Type violation in line 5\n''
Run './parser /homes/cs352/Spring23/Grading/tarindu/p2test/tests/testcases/type/UnaryExprUnaryBool.java'
[91m[ FAIL ][0m StatementMethodCallWrongTypes
Got error: 'b'Syntax errors in line 5\n''
Expected : 'b'Type Violation in Line 7\n''
Run './parser /homes/cs352/Spring23/Grading/tarindu/p2test/tests/testcases/type/StatementMethodCallWrongTypes.java'
[91m[ FAIL ][0m StatementVarDeclCheckArgs
Got error: 'b'Syntax errors in line 5\n''
Expected : 'b'Type violation in line 6\n''
Run './parser /homes/cs352/Spring23/Grading/tarindu/p2test/tests/testcases/type/StatementVarDeclCheckArgs.java'
[91m[ FAIL ][0m LValExprDiffType
Got error: 'b'Syntax errors in line 5\n''
Expected : 'b'Type violation in line 6\n''
Run './parser /homes/cs352/Spring23/Grading/tarindu/p2test/tests/testcases/type/LValExprDiffType.java'
[91m[ FAIL ][0m ParseIntNotString
Got error: 'b'Syntax errors in line 5\n''
Expected : 'b'Type violation in line 6\n''
Run './parser /homes/cs352/Spring23/Grading/tarindu/p2test/tests/testcases/type/ParseIntNotString.java'
[91m[ FAIL ][0m MethodDeclWrongType
Got error: 'b'Syntax errors in line 5\n''
Expected : 'b'Type violation in line 5\n''
Run './parser /homes/cs352/Spring23/Grading/tarindu/p2test/tests/testcases/type/MethodDeclWrongType.java'
[91m[ FAIL ][0m StatementVarDeclRedefinition
Got error: 'b'Syntax errors in line 5\n''
Expected : 'b'Type violation in line 7\n''
Run './parser /homes/cs352/Spring23/Grading/tarindu/p2test/tests/testcases/type/StatementVarDeclRedefinition.java'
[91m[ FAIL ][0m StatementScopeRedefinition
Got error: 'b'Syntax errors in line 5\n''
Expected : 'b'Type violation in line 8\n''
Run './parser /homes/cs352/Spring23/Grading/tarindu/p2test/tests/testcases/type/StatementScopeRedefinition.java'
[91m[ FAIL ][0m BinaryExprLogicalToBool
Got error: 'b'Syntax errors in line 5\n''
Expected : 'b'Type violation in line 5\n''
Run './parser /homes/cs352/Spring23/Grading/tarindu/p2test/tests/testcases/type/BinaryExprLogicalToBool.java'
[91m[ FAIL ][0m StaticVarDeclTypeStillRequired
Got error: 'b'Syntax errors in line 5\n''
Expected : 'b'Type violation in line 5\n''
Run './parser /homes/cs352/Spring23/Grading/tarindu/p2test/tests/testcases/type/StaticVarDeclTypeStillRequired.java'
[91m[ FAIL ][0m NewExprDifferentNewType
Got error: 'b'Syntax errors in line 5\n''
Expected : 'b'Type violation in line 5\n''
Run './parser /homes/cs352/Spring23/Grading/tarindu/p2test/tests/testcases/type/NewExprDifferentNewType.java'
[91m[ FAIL ][0m BinaryExprIntInBool
Got error: 'b'Syntax errors in line 7\n''
Expected : 'b'Type violation in line 7\n''
Run './parser /homes/cs352/Spring23/Grading/tarindu/p2test/tests/testcases/type/BinaryExprIntInBool.java'
[91m[ FAIL ][0m BinaryExprInvalidOperand
Got error: 'b'Syntax errors in line 6\n''
Expected : 'b'Type violation in line 6\n''
Run './parser /homes/cs352/Spring23/Grading/tarindu/p2test/tests/testcases/type/BinaryExprInvalidOperand.java'
[91m[ FAIL ][0m LiteralExprBoolToInt
Got error: 'b'Syntax errors in line 5\n''
Expected : 'b'Type violation in line 5\n''
Run './parser /homes/cs352/Spring23/Grading/tarindu/p2test/tests/testcases/type/LiteralExprBoolToInt.java'
[91m[ FAIL ][0m StatementPrintBadExpr2
Got error: 'b'Syntax errors in line 5\n''
Expected : 'b'Type violation in line 6\n''
Run './parser /homes/cs352/Spring23/Grading/tarindu/p2test/tests/testcases/type/StatementPrintBadExpr2.java'
[91m[ FAIL ][0m MultipleErrorsVarDecl
Got error: 'b'Syntax errors in line 17\n''
Expected : 'b'Type violation in line 19\nType violation in line 20\nType violation in line 21\nType violation in line 21\nType violation in line 21\n''
Run './parser /homes/cs352/Spring23/Grading/tarindu/p2test/tests/testcases/type/MultipleErrorsVarDecl.java'
[91m[ FAIL ][0m MethodDeclBadReturnType
Got error: 'b'Syntax errors in line 5\n''
Expected : 'b'Type violation in line 5\n''
Run './parser /homes/cs352/Spring23/Grading/tarindu/p2test/tests/testcases/type/MethodDeclBadReturnType.java'
[91m[ FAIL ][0m StatementAssignWrongTypes
Got error: 'b'Syntax errors in line 6\n''
Expected : 'b'Type violation in line 7\n''
Run './parser /homes/cs352/Spring23/Grading/tarindu/p2test/tests/testcases/type/StatementAssignWrongTypes.java'
[91m[ FAIL ][0m MethodDeclAssignMethod2
Got error: 'b'Syntax errors in line 5\n''
Expected : 'b'Type violation in line 5\n''
Run './parser /homes/cs352/Spring23/Grading/tarindu/p2test/tests/testcases/type/MethodDeclAssignMethod2.java'
[91m[ FAIL ][0m StatementPrintBadExpr
Got error: 'b'Syntax errors in line 7\n''
Expected : 'b'Type violation in line 8\n''
Run './parser /homes/cs352/Spring23/Grading/tarindu/p2test/tests/testcases/type/StatementPrintBadExpr.java'
[91m[ FAIL ][0m MethodDeclBadExprInCall
Got error: 'b'Syntax errors in line 8\n''
Expected : 'b'Type violation in line 8\n''
Run './parser /homes/cs352/Spring23/Grading/tarindu/p2test/tests/testcases/type/MethodDeclBadExprInCall.java'
[91m[ FAIL ][0m MethodDeclAssignMethod
Got error: 'b'Syntax errors in line 5\n''
Expected : 'b'Type violation in line 5\n''
Run './parser /homes/cs352/Spring23/Grading/tarindu/p2test/tests/testcases/type/MethodDeclAssignMethod.java'
[91m[ FAIL ][0m MethodDeclRedefinition
Got error: 'b'Syntax errors in line 5\n''
Expected : 'b'Type violation in line 6\n''
Run './parser /homes/cs352/Spring23/Grading/tarindu/p2test/tests/testcases/type/MethodDeclRedefinition.java'
[91m[ FAIL ][0m MethodDeclTooFewArgs
Got error: 'b'Syntax errors in line 6\n''
Expected : 'b'Type violation in line 6\n''
Run './parser /homes/cs352/Spring23/Grading/tarindu/p2test/tests/testcases/type/MethodDeclTooFewArgs.java'
[91m[ FAIL ][0m StatementAssignBadLValue
Got error: 'b'Syntax errors in line 5\n''
Expected : 'b'Type violation in line 7\n''
Run './parser /homes/cs352/Spring23/Grading/tarindu/p2test/tests/testcases/type/StatementAssignBadLValue.java'
[91m[ FAIL ][0m UnaryExprNotEvalBool
Got error: 'b'Syntax errors in line 5\n''
Expected : 'b'Type violation in line 5\n''
Run './parser /homes/cs352/Spring23/Grading/tarindu/p2test/tests/testcases/type/UnaryExprNotEvalBool.java'
[91m[ FAIL ][0m NewExprBoolInNew
Got error: 'b'Syntax errors in line 5\n''
Expected : 'b'Type violation in line 5\n''
Run './parser /homes/cs352/Spring23/Grading/tarindu/p2test/tests/testcases/type/NewExprBoolInNew.java'
[91m[ FAIL ][0m StaticVarDeclRedefinition
Got error: 'b'Syntax errors in line 5\n''
Expected : 'b'Type violation in line 6\n''
Run './parser /homes/cs352/Spring23/Grading/tarindu/p2test/tests/testcases/type/StaticVarDeclRedefinition.java'
[91m[ FAIL ][0m NewExprArrayInNew
Got error: 'b'Syntax errors in line 5\n''
Expected : 'b'Type violation in line 5\n''
Run './parser /homes/cs352/Spring23/Grading/tarindu/p2test/tests/testcases/type/NewExprArrayInNew.java'
[91m[ FAIL ][0m LValExprTooManyBrackets
Got error: 'b'Syntax errors in line 5\n''
Expected : 'b'Type violation in line 6\n''
Run './parser /homes/cs352/Spring23/Grading/tarindu/p2test/tests/testcases/type/LValExprTooManyBrackets.java'
[91m[ FAIL ][0m MultipleErrorsStaticVars
Got error: 'b'Syntax errors in line 8\n''
Expected : 'b'Type violation in line 8\nType violation in line 9\n''
Run './parser /homes/cs352/Spring23/Grading/tarindu/p2test/tests/testcases/type/MultipleErrorsStaticVars.java'
[91m[ FAIL ][0m StatementAssignBadExpr
Got error: 'b'Syntax errors in line 8\n''
Expected : 'b'Type violation in line 9\n''
Run './parser /homes/cs352/Spring23/Grading/tarindu/p2test/tests/testcases/type/StatementAssignBadExpr.java'
[91m[ FAIL ][0m StatementAssignBadLValue2
Got error: 'b'Syntax errors in line 5\n''
Expected : 'b'Type Violation in Line 6\n''
Run './parser /homes/cs352/Spring23/Grading/tarindu/p2test/tests/testcases/type/StatementAssignBadLValue2.java'
[91m[ FAIL ][0m MethodDeclAssignIntToBool
Got error: 'b'Syntax errors in line 5\n''
Expected : 'b'Type Violation in Line 5\n''
Run './parser /homes/cs352/Spring23/Grading/tarindu/p2test/tests/testcases/type/MethodDeclAssignIntToBool.java'
[91m[ FAIL ][0m StatementConditionalRecurseError
Got error: 'b'Syntax errors in line 5\n''
Expected : 'b'Type violation in line 7\n''
Run './parser /homes/cs352/Spring23/Grading/tarindu/p2test/tests/testcases/type/StatementConditionalRecurseError.java'
[91m[ FAIL ][0m UnaryExprLength
Got error: 'b'Syntax errors in line 5\n''
Expected : 'b'Type violation in line 6\n''
Run './parser /homes/cs352/Spring23/Grading/tarindu/p2test/tests/testcases/type/UnaryExprLength.java'
[91m[ FAIL ][0m UnaryExprUnaryString
Got error: 'b'Syntax errors in line 5\n''
Expected : 'b'Type violation in line 5\n''
Run './parser /homes/cs352/Spring23/Grading/tarindu/p2test/tests/testcases/type/UnaryExprUnaryString.java'
[91m[ FAIL ][0m StatementConditionalWhile.NotBoolCond
Got error: 'b'Syntax errors in line 5\n''
Expected : 'b'Type violation in line 6\n''
Run './parser /homes/cs352/Spring23/Grading/tarindu/p2test/tests/testcases/type/StatementConditionalWhile.NotBoolCond.java'
[91m[ FAIL ][0m BinaryExprArrayInOp
Got error: 'b'Syntax errors in line 7\n''
Expected : 'b'Type violation in line 7\n''
Run './parser /homes/cs352/Spring23/Grading/tarindu/p2test/tests/testcases/type/BinaryExprArrayInOp.java'
[91m[ FAIL ][0m StatementConditionalIf.NotBoolCond
Got error: 'b'Syntax errors in line 5\n''
Expected : 'b'Type violation in line 6\n''
Run './parser /homes/cs352/Spring23/Grading/tarindu/p2test/tests/testcases/type/StatementConditionalIf.NotBoolCond.java'
[91m[ FAIL ][0m UnaryExprNotInt
Got error: 'b'Syntax errors in line 5\n''
Expected : 'b'Type violation in line 5\n''
Run './parser /homes/cs352/Spring23/Grading/tarindu/p2test/tests/testcases/type/UnaryExprNotInt.java'"
mason143,2023-03-13,22:07:03,50.0,43.0,"[92m[ PASS ][0m NoMain
[92m[ PASS ][0m NestedIf
[92m[ PASS ][0m TwoClasses
[92m[ PASS ][0m NewMain
[92m[ PASS ][0m MultipleErrorsCombined
[92m[ PASS ][0m MultipleErrorsDoubleDecl
[92m[ PASS ][0m StatementScopeRedefineSym
[92m[ PASS ][0m LiteralExprIntToArray
[91m[ FAIL ][0m StatementReturnWrongType
Got error: 'b'''
Expected : 'b'Type violation in line 6\n''
Run './parser /homes/cs352/Spring23/Grading/tarindu/p2test/tests/testcases/type/StatementReturnWrongType.java'
[92m[ PASS ][0m UnaryExprUnaryBool
[91m[ FAIL ][0m StatementMethodCallWrongTypes
Got error: 'b'''
Expected : 'b'Type Violation in Line 7\n''
Run './parser /homes/cs352/Spring23/Grading/tarindu/p2test/tests/testcases/type/StatementMethodCallWrongTypes.java'
[92m[ PASS ][0m StatementVarDeclCheckArgs
[92m[ PASS ][0m LValExprDiffType
[92m[ PASS ][0m ParseIntNotString
[92m[ PASS ][0m MethodDeclWrongType
[92m[ PASS ][0m StatementVarDeclRedefinition
[92m[ PASS ][0m StatementScopeRedefinition
[92m[ PASS ][0m BinaryExprLogicalToBool
[92m[ PASS ][0m StaticVarDeclTypeStillRequired
[92m[ PASS ][0m NewExprDifferentNewType
[92m[ PASS ][0m BinaryExprIntInBool
[91m[ FAIL ][0m BinaryExprInvalidOperand
Got error: 'b'''
Expected : 'b'Type violation in line 6\n''
Run './parser /homes/cs352/Spring23/Grading/tarindu/p2test/tests/testcases/type/BinaryExprInvalidOperand.java'
[92m[ PASS ][0m LiteralExprBoolToInt
[92m[ PASS ][0m StatementPrintBadExpr2
[91m[ FAIL ][0m MultipleErrorsVarDecl
Got error: 'b'Type violation in line 19\nType violation in line 20\nType violation in line 21\nType violation in line 21\n''
Expected : 'b'Type violation in line 19\nType violation in line 20\nType violation in line 21\nType violation in line 21\nType violation in line 21\n''
Run './parser /homes/cs352/Spring23/Grading/tarindu/p2test/tests/testcases/type/MultipleErrorsVarDecl.java'
[92m[ PASS ][0m MethodDeclBadReturnType
[92m[ PASS ][0m StatementAssignWrongTypes
[92m[ PASS ][0m MethodDeclAssignMethod2
[92m[ PASS ][0m StatementPrintBadExpr
[91m[ FAIL ][0m MethodDeclBadExprInCall
Got error: 'b'Type violation in line 8\nType violation in line 8\n''
Expected : 'b'Type violation in line 8\n''
Run './parser /homes/cs352/Spring23/Grading/tarindu/p2test/tests/testcases/type/MethodDeclBadExprInCall.java'
[92m[ PASS ][0m MethodDeclAssignMethod
[91m[ FAIL ][0m MethodDeclRedefinition
Got error: 'b'''
Expected : 'b'Type violation in line 6\n''
Run './parser /homes/cs352/Spring23/Grading/tarindu/p2test/tests/testcases/type/MethodDeclRedefinition.java'
[92m[ PASS ][0m MethodDeclTooFewArgs
[92m[ PASS ][0m StatementAssignBadLValue
[92m[ PASS ][0m UnaryExprNotEvalBool
[92m[ PASS ][0m NewExprBoolInNew
[92m[ PASS ][0m StaticVarDeclRedefinition
[92m[ PASS ][0m NewExprArrayInNew
[92m[ PASS ][0m LValExprTooManyBrackets
[92m[ PASS ][0m MultipleErrorsStaticVars
[91m[ FAIL ][0m StatementAssignBadExpr
Got error: 'b'Type violation in line 9\nType violation in line 9\n''
Expected : 'b'Type violation in line 9\n''
Run './parser /homes/cs352/Spring23/Grading/tarindu/p2test/tests/testcases/type/StatementAssignBadExpr.java'
[92m[ PASS ][0m StatementAssignBadLValue2
[92m[ PASS ][0m MethodDeclAssignIntToBool
[92m[ PASS ][0m StatementConditionalRecurseError
[92m[ PASS ][0m UnaryExprLength
[92m[ PASS ][0m UnaryExprUnaryString
[92m[ PASS ][0m StatementConditionalWhile.NotBoolCond
[92m[ PASS ][0m BinaryExprArrayInOp
[92m[ PASS ][0m StatementConditionalIf.NotBoolCond
[92m[ PASS ][0m UnaryExprNotInt"
mccarth,2023-03-12,23:22:58,50.0,45.0,"[92m[ PASS ][0m NoMain
[92m[ PASS ][0m NestedIf
[92m[ PASS ][0m TwoClasses
[92m[ PASS ][0m NewMain
[92m[ PASS ][0m MultipleErrorsCombined
[92m[ PASS ][0m MultipleErrorsDoubleDecl
[92m[ PASS ][0m StatementScopeRedefineSym
[92m[ PASS ][0m LiteralExprIntToArray
[92m[ PASS ][0m StatementReturnWrongType
[92m[ PASS ][0m UnaryExprUnaryBool
[92m[ PASS ][0m StatementMethodCallWrongTypes
[91m[ FAIL ][0m StatementVarDeclCheckArgs
Got error: 'b'''
Expected : 'b'Type violation in line 6\n''
Run './parser /homes/cs352/Spring23/Grading/tarindu/p2test/tests/testcases/type/StatementVarDeclCheckArgs.java'
[92m[ PASS ][0m LValExprDiffType
[92m[ PASS ][0m ParseIntNotString
[92m[ PASS ][0m MethodDeclWrongType
[92m[ PASS ][0m StatementVarDeclRedefinition
[92m[ PASS ][0m StatementScopeRedefinition
[92m[ PASS ][0m BinaryExprLogicalToBool
[91m[ FAIL ][0m StaticVarDeclTypeStillRequired
Got error: 'b'''
Expected : 'b'Type violation in line 5\n''
Run './parser /homes/cs352/Spring23/Grading/tarindu/p2test/tests/testcases/type/StaticVarDeclTypeStillRequired.java'
[92m[ PASS ][0m NewExprDifferentNewType
[92m[ PASS ][0m BinaryExprIntInBool
[92m[ PASS ][0m BinaryExprInvalidOperand
[92m[ PASS ][0m LiteralExprBoolToInt
[92m[ PASS ][0m StatementPrintBadExpr2
[91m[ FAIL ][0m MultipleErrorsVarDecl
Got error: 'b'Type violation in line 19\nType violation in line 20\nType violation in line 21\n''
Expected : 'b'Type violation in line 19\nType violation in line 20\nType violation in line 21\nType violation in line 21\nType violation in line 21\n''
Run './parser /homes/cs352/Spring23/Grading/tarindu/p2test/tests/testcases/type/MultipleErrorsVarDecl.java'
[92m[ PASS ][0m MethodDeclBadReturnType
[92m[ PASS ][0m StatementAssignWrongTypes
[92m[ PASS ][0m MethodDeclAssignMethod2
[92m[ PASS ][0m StatementPrintBadExpr
[91m[ FAIL ][0m MethodDeclBadExprInCall
Got error: 'b'''
Expected : 'b'Type violation in line 8\n''
Run './parser /homes/cs352/Spring23/Grading/tarindu/p2test/tests/testcases/type/MethodDeclBadExprInCall.java'
[92m[ PASS ][0m MethodDeclAssignMethod
[91m[ FAIL ][0m MethodDeclRedefinition
Got error: 'b'''
Expected : 'b'Type violation in line 6\n''
Run './parser /homes/cs352/Spring23/Grading/tarindu/p2test/tests/testcases/type/MethodDeclRedefinition.java'
[92m[ PASS ][0m MethodDeclTooFewArgs
[92m[ PASS ][0m StatementAssignBadLValue
[92m[ PASS ][0m UnaryExprNotEvalBool
[92m[ PASS ][0m NewExprBoolInNew
[92m[ PASS ][0m StaticVarDeclRedefinition
[92m[ PASS ][0m NewExprArrayInNew
[92m[ PASS ][0m LValExprTooManyBrackets
[92m[ PASS ][0m MultipleErrorsStaticVars
[92m[ PASS ][0m StatementAssignBadExpr
[92m[ PASS ][0m StatementAssignBadLValue2
[92m[ PASS ][0m MethodDeclAssignIntToBool
[92m[ PASS ][0m StatementConditionalRecurseError
[92m[ PASS ][0m UnaryExprLength
[92m[ PASS ][0m UnaryExprUnaryString
[92m[ PASS ][0m StatementConditionalWhile.NotBoolCond
[92m[ PASS ][0m BinaryExprArrayInOp
[92m[ PASS ][0m StatementConditionalIf.NotBoolCond
[92m[ PASS ][0m UnaryExprNotInt"
mdsantia,2023-03-15,23:57:14,50.0,43.0,"[92m[ PASS ][0m NoMain
[92m[ PASS ][0m NestedIf
[92m[ PASS ][0m TwoClasses
[92m[ PASS ][0m NewMain
[92m[ PASS ][0m MultipleErrorsCombined
[92m[ PASS ][0m MultipleErrorsDoubleDecl
[92m[ PASS ][0m StatementScopeRedefineSym
[92m[ PASS ][0m LiteralExprIntToArray
[91m[ FAIL ][0m StatementReturnWrongType
Got error: 'b'''
Expected : 'b'Type violation in line 6\n''
Run './parser /homes/cs352/Spring23/Grading/tarindu/p2test/tests/testcases/type/StatementReturnWrongType.java'
[92m[ PASS ][0m UnaryExprUnaryBool
[92m[ PASS ][0m StatementMethodCallWrongTypes
[92m[ PASS ][0m StatementVarDeclCheckArgs
[92m[ PASS ][0m LValExprDiffType
[92m[ PASS ][0m ParseIntNotString
[92m[ PASS ][0m MethodDeclWrongType
[92m[ PASS ][0m StatementVarDeclRedefinition
[92m[ PASS ][0m StatementScopeRedefinition
[92m[ PASS ][0m BinaryExprLogicalToBool
[92m[ PASS ][0m StaticVarDeclTypeStillRequired
[92m[ PASS ][0m NewExprDifferentNewType
[92m[ PASS ][0m BinaryExprIntInBool
[91m[ FAIL ][0m BinaryExprInvalidOperand
Got error: 'b'''
Expected : 'b'Type violation in line 6\n''
Run './parser /homes/cs352/Spring23/Grading/tarindu/p2test/tests/testcases/type/BinaryExprInvalidOperand.java'
[92m[ PASS ][0m LiteralExprBoolToInt
[91m[ FAIL ][0m StatementPrintBadExpr2
Got error: 'b'Type Violation in Line 6\nType Violation in Line 6\n''
Expected : 'b'Type violation in line 6\n''
Run './parser /homes/cs352/Spring23/Grading/tarindu/p2test/tests/testcases/type/StatementPrintBadExpr2.java'
[91m[ FAIL ][0m MultipleErrorsVarDecl
Got error: 'b'Type Violation in Line 19\nType Violation in Line 19\nType Violation in Line 20\nType Violation in Line 21\nType Violation in Line 21\n''
Expected : 'b'Type violation in line 19\nType violation in line 20\nType violation in line 21\nType violation in line 21\nType violation in line 21\n''
Run './parser /homes/cs352/Spring23/Grading/tarindu/p2test/tests/testcases/type/MultipleErrorsVarDecl.java'
[92m[ PASS ][0m MethodDeclBadReturnType
[92m[ PASS ][0m StatementAssignWrongTypes
[92m[ PASS ][0m MethodDeclAssignMethod2
[91m[ FAIL ][0m StatementPrintBadExpr
Got error: 'b'Type Violation in Line 8\nType Violation in Line 8\n''
Expected : 'b'Type violation in line 8\n''
Run './parser /homes/cs352/Spring23/Grading/tarindu/p2test/tests/testcases/type/StatementPrintBadExpr.java'
[92m[ PASS ][0m MethodDeclBadExprInCall
[92m[ PASS ][0m MethodDeclAssignMethod
[91m[ FAIL ][0m MethodDeclRedefinition
Got error: 'b'Type Violation in Line 5\n''
Expected : 'b'Type violation in line 6\n''
Run './parser /homes/cs352/Spring23/Grading/tarindu/p2test/tests/testcases/type/MethodDeclRedefinition.java'
[92m[ PASS ][0m MethodDeclTooFewArgs
[92m[ PASS ][0m StatementAssignBadLValue
[92m[ PASS ][0m UnaryExprNotEvalBool
[92m[ PASS ][0m NewExprBoolInNew
[92m[ PASS ][0m StaticVarDeclRedefinition
[92m[ PASS ][0m NewExprArrayInNew
[92m[ PASS ][0m LValExprTooManyBrackets
[92m[ PASS ][0m MultipleErrorsStaticVars
[91m[ FAIL ][0m StatementAssignBadExpr
Got error: 'b'Type Violation in Line 9\nType Violation in Line 9\n''
Expected : 'b'Type violation in line 9\n''
Run './parser /homes/cs352/Spring23/Grading/tarindu/p2test/tests/testcases/type/StatementAssignBadExpr.java'
[92m[ PASS ][0m StatementAssignBadLValue2
[92m[ PASS ][0m MethodDeclAssignIntToBool
[92m[ PASS ][0m StatementConditionalRecurseError
[92m[ PASS ][0m UnaryExprLength
[92m[ PASS ][0m UnaryExprUnaryString
[92m[ PASS ][0m StatementConditionalWhile.NotBoolCond
[92m[ PASS ][0m BinaryExprArrayInOp
[92m[ PASS ][0m StatementConditionalIf.NotBoolCond
[92m[ PASS ][0m UnaryExprNotInt"
menonk,2023-03-13,20:44:19,50.0,46.0,"[92m[ PASS ][0m NoMain
[92m[ PASS ][0m NestedIf
[92m[ PASS ][0m TwoClasses
[92m[ PASS ][0m NewMain
[92m[ PASS ][0m MultipleErrorsCombined
[92m[ PASS ][0m MultipleErrorsDoubleDecl
[92m[ PASS ][0m StatementScopeRedefineSym
[92m[ PASS ][0m LiteralExprIntToArray
[92m[ PASS ][0m StatementReturnWrongType
[92m[ PASS ][0m UnaryExprUnaryBool
[92m[ PASS ][0m StatementMethodCallWrongTypes
[91m[ FAIL ][0m StatementVarDeclCheckArgs
Got error: 'b'''
Expected : 'b'Type violation in line 6\n''
Run './parser /homes/cs352/Spring23/Grading/tarindu/p2test/tests/testcases/type/StatementVarDeclCheckArgs.java'
[92m[ PASS ][0m LValExprDiffType
[92m[ PASS ][0m ParseIntNotString
[92m[ PASS ][0m MethodDeclWrongType
[92m[ PASS ][0m StatementVarDeclRedefinition
[92m[ PASS ][0m StatementScopeRedefinition
[92m[ PASS ][0m BinaryExprLogicalToBool
[92m[ PASS ][0m StaticVarDeclTypeStillRequired
[92m[ PASS ][0m NewExprDifferentNewType
[92m[ PASS ][0m BinaryExprIntInBool
[92m[ PASS ][0m BinaryExprInvalidOperand
[92m[ PASS ][0m LiteralExprBoolToInt
[92m[ PASS ][0m StatementPrintBadExpr2
[92m[ PASS ][0m MultipleErrorsVarDecl
[92m[ PASS ][0m MethodDeclBadReturnType
[92m[ PASS ][0m StatementAssignWrongTypes
[92m[ PASS ][0m MethodDeclAssignMethod2
[92m[ PASS ][0m StatementPrintBadExpr
[91m[ FAIL ][0m MethodDeclBadExprInCall
Got error: 'b'Type violation in line 8\nType violation in line 8\n''
Expected : 'b'Type violation in line 8\n''
Run './parser /homes/cs352/Spring23/Grading/tarindu/p2test/tests/testcases/type/MethodDeclBadExprInCall.java'
[92m[ PASS ][0m MethodDeclAssignMethod
[92m[ PASS ][0m MethodDeclRedefinition
[92m[ PASS ][0m MethodDeclTooFewArgs
[92m[ PASS ][0m StatementAssignBadLValue
[92m[ PASS ][0m UnaryExprNotEvalBool
[92m[ PASS ][0m NewExprBoolInNew
[92m[ PASS ][0m StaticVarDeclRedefinition
[92m[ PASS ][0m NewExprArrayInNew
[92m[ PASS ][0m LValExprTooManyBrackets
[92m[ PASS ][0m MultipleErrorsStaticVars
[91m[ FAIL ][0m StatementAssignBadExpr
Got error: 'b'Type violation in line 9\nType violation in line 9\n''
Expected : 'b'Type violation in line 9\n''
Run './parser /homes/cs352/Spring23/Grading/tarindu/p2test/tests/testcases/type/StatementAssignBadExpr.java'
[91m[ FAIL ][0m StatementAssignBadLValue2
Got error: 'b'Type violation in line 6\nType violation in line 6\n''
Expected : 'b'Type Violation in Line 6\n''
Run './parser /homes/cs352/Spring23/Grading/tarindu/p2test/tests/testcases/type/StatementAssignBadLValue2.java'
[92m[ PASS ][0m MethodDeclAssignIntToBool
[92m[ PASS ][0m StatementConditionalRecurseError
[92m[ PASS ][0m UnaryExprLength
[92m[ PASS ][0m UnaryExprUnaryString
[92m[ PASS ][0m StatementConditionalWhile.NotBoolCond
[92m[ PASS ][0m BinaryExprArrayInOp
[92m[ PASS ][0m StatementConditionalIf.NotBoolCond
[92m[ PASS ][0m UnaryExprNotInt"
miao29,2023-03-12,23:41:30,,,
mpietran,2023-03-15,23:58:57,50.0,39.0,"[92m[ PASS ][0m NoMain
[92m[ PASS ][0m NestedIf
[92m[ PASS ][0m TwoClasses
[92m[ PASS ][0m NewMain
[91m[ FAIL ][0m MultipleErrorsCombined
Got error: 'b'Type Violation in Line 17\nType Violation in Line 16\nType Violation in Line 14\nType Violation in Line 16\nType Violation in Line 17\n''
Expected : 'b'Type violation in line 14\nType violation in line 15\nType violation in line 16\nType violation in line 17\nType violation in line 18\n''
Run './parser /homes/cs352/Spring23/Grading/tarindu/p2test/tests/testcases/type/MultipleErrorsCombined.java'
[91m[ FAIL ][0m MultipleErrorsDoubleDecl
Got error: 'b'Type Violation in Line 9\nType Violation in Line 8\nType Violation in Line 9\n''
Expected : 'b'Type violation in line 9\nType violation in line 10\n''
Run './parser /homes/cs352/Spring23/Grading/tarindu/p2test/tests/testcases/type/MultipleErrorsDoubleDecl.java'
[92m[ PASS ][0m StatementScopeRedefineSym
[91m[ FAIL ][0m LiteralExprIntToArray
Got error: 'b'''
Expected : 'b'Type violation in line 4\n''
Run './parser /homes/cs352/Spring23/Grading/tarindu/p2test/tests/testcases/type/LiteralExprIntToArray.java'
[92m[ PASS ][0m StatementReturnWrongType
[92m[ PASS ][0m UnaryExprUnaryBool
[91m[ FAIL ][0m StatementMethodCallWrongTypes
Got error: 'b'''
Expected : 'b'Type Violation in Line 7\n''
Run './parser /homes/cs352/Spring23/Grading/tarindu/p2test/tests/testcases/type/StatementMethodCallWrongTypes.java'
[92m[ PASS ][0m StatementVarDeclCheckArgs
[91m[ FAIL ][0m LValExprDiffType
Got error: 'b'Type Violation in Line 5\nType Violation in Line 6\n''
Expected : 'b'Type violation in line 6\n''
Run './parser /homes/cs352/Spring23/Grading/tarindu/p2test/tests/testcases/type/LValExprDiffType.java'
[92m[ PASS ][0m ParseIntNotString
[92m[ PASS ][0m MethodDeclWrongType
[92m[ PASS ][0m StatementVarDeclRedefinition
[92m[ PASS ][0m StatementScopeRedefinition
[92m[ PASS ][0m BinaryExprLogicalToBool
[91m[ FAIL ][0m StaticVarDeclTypeStillRequired
Got error: 'b'''
Expected : 'b'Type violation in line 5\n''
Run './parser /homes/cs352/Spring23/Grading/tarindu/p2test/tests/testcases/type/StaticVarDeclTypeStillRequired.java'
[92m[ PASS ][0m NewExprDifferentNewType
[92m[ PASS ][0m BinaryExprIntInBool
[92m[ PASS ][0m BinaryExprInvalidOperand
[92m[ PASS ][0m LiteralExprBoolToInt
[92m[ PASS ][0m StatementPrintBadExpr2
[91m[ FAIL ][0m MultipleErrorsVarDecl
Got error: 'b'Type Violation in Line 20\nType Violation in Line 21\nType Violation in Line 20\nType Violation in Line 19\n''
Expected : 'b'Type violation in line 19\nType violation in line 20\nType violation in line 21\nType violation in line 21\nType violation in line 21\n''
Run './parser /homes/cs352/Spring23/Grading/tarindu/p2test/tests/testcases/type/MultipleErrorsVarDecl.java'
[92m[ PASS ][0m MethodDeclBadReturnType
[92m[ PASS ][0m StatementAssignWrongTypes
[92m[ PASS ][0m MethodDeclAssignMethod2
[92m[ PASS ][0m StatementPrintBadExpr
[92m[ PASS ][0m MethodDeclBadExprInCall
[92m[ PASS ][0m MethodDeclAssignMethod
[92m[ PASS ][0m MethodDeclRedefinition
[92m[ PASS ][0m MethodDeclTooFewArgs
[92m[ PASS ][0m StatementAssignBadLValue
[92m[ PASS ][0m UnaryExprNotEvalBool
[92m[ PASS ][0m NewExprBoolInNew
[91m[ FAIL ][0m StaticVarDeclRedefinition
Got error: 'b'Type Violation in Line 5\n''
Expected : 'b'Type violation in line 6\n''
Run './parser /homes/cs352/Spring23/Grading/tarindu/p2test/tests/testcases/type/StaticVarDeclRedefinition.java'
[92m[ PASS ][0m NewExprArrayInNew
[91m[ FAIL ][0m LValExprTooManyBrackets
Got error: 'b'Type Violation in Line 5\nType Violation in Line 6\n''
Expected : 'b'Type violation in line 6\n''
Run './parser /homes/cs352/Spring23/Grading/tarindu/p2test/tests/testcases/type/LValExprTooManyBrackets.java'
[91m[ FAIL ][0m MultipleErrorsStaticVars
Got error: 'b'Type Violation in Line 8\n''
Expected : 'b'Type violation in line 8\nType violation in line 9\n''
Run './parser /homes/cs352/Spring23/Grading/tarindu/p2test/tests/testcases/type/MultipleErrorsStaticVars.java'
[92m[ PASS ][0m StatementAssignBadExpr
[92m[ PASS ][0m StatementAssignBadLValue2
[92m[ PASS ][0m MethodDeclAssignIntToBool
[92m[ PASS ][0m StatementConditionalRecurseError
[91m[ FAIL ][0m UnaryExprLength
Got error: 'b'Type Violation in Line 5\nType Violation in Line 6\n''
Expected : 'b'Type violation in line 6\n''
Run './parser /homes/cs352/Spring23/Grading/tarindu/p2test/tests/testcases/type/UnaryExprLength.java'
[92m[ PASS ][0m UnaryExprUnaryString
[92m[ PASS ][0m StatementConditionalWhile.NotBoolCond
[92m[ PASS ][0m BinaryExprArrayInOp
[92m[ PASS ][0m StatementConditionalIf.NotBoolCond
[92m[ PASS ][0m UnaryExprNotInt
METHODCALL
PARSEINT"
mtejeda,2023-03-11,19:37:13,50.0,37.0,"[92m[ PASS ][0m NoMain
[92m[ PASS ][0m NestedIf
[92m[ PASS ][0m TwoClasses
[92m[ PASS ][0m NewMain
[91m[ FAIL ][0m MultipleErrorsCombined
Got error: 'b'Type violation in line 14\nType violation in line 15\nType violation in line 17\nType violation in line 18\n''
Expected : 'b'Type violation in line 14\nType violation in line 15\nType violation in line 16\nType violation in line 17\nType violation in line 18\n''
Run './parser /homes/cs352/Spring23/Grading/tarindu/p2test/tests/testcases/type/MultipleErrorsCombined.java'
[92m[ PASS ][0m MultipleErrorsDoubleDecl
[91m[ FAIL ][0m StatementScopeRedefineSym
Got error: 'b'''
Expected : 'b'Type violation in line 9\n''
Run './parser /homes/cs352/Spring23/Grading/tarindu/p2test/tests/testcases/type/StatementScopeRedefineSym.java'
[92m[ PASS ][0m LiteralExprIntToArray
[91m[ FAIL ][0m StatementReturnWrongType
Got error: 'b'''
Expected : 'b'Type violation in line 6\n''
Run './parser /homes/cs352/Spring23/Grading/tarindu/p2test/tests/testcases/type/StatementReturnWrongType.java'
[92m[ PASS ][0m UnaryExprUnaryBool
[91m[ FAIL ][0m StatementMethodCallWrongTypes
Got error: 'b'''
Expected : 'b'Type Violation in Line 7\n''
Run './parser /homes/cs352/Spring23/Grading/tarindu/p2test/tests/testcases/type/StatementMethodCallWrongTypes.java'
[91m[ FAIL ][0m StatementVarDeclCheckArgs
Got error: 'b'''
Expected : 'b'Type violation in line 6\n''
Run './parser /homes/cs352/Spring23/Grading/tarindu/p2test/tests/testcases/type/StatementVarDeclCheckArgs.java'
[92m[ PASS ][0m LValExprDiffType
[92m[ PASS ][0m ParseIntNotString
[92m[ PASS ][0m MethodDeclWrongType
[92m[ PASS ][0m StatementVarDeclRedefinition
[91m[ FAIL ][0m StatementScopeRedefinition
Got error: 'b'''
Expected : 'b'Type violation in line 8\n''
Run './parser /homes/cs352/Spring23/Grading/tarindu/p2test/tests/testcases/type/StatementScopeRedefinition.java'
[92m[ PASS ][0m BinaryExprLogicalToBool
[91m[ FAIL ][0m StaticVarDeclTypeStillRequired
Got error: 'b'''
Expected : 'b'Type violation in line 5\n''
Run './parser /homes/cs352/Spring23/Grading/tarindu/p2test/tests/testcases/type/StaticVarDeclTypeStillRequired.java'
[92m[ PASS ][0m NewExprDifferentNewType
[92m[ PASS ][0m BinaryExprIntInBool
[92m[ PASS ][0m BinaryExprInvalidOperand
[92m[ PASS ][0m LiteralExprBoolToInt
[92m[ PASS ][0m StatementPrintBadExpr2
[91m[ FAIL ][0m MultipleErrorsVarDecl
Got error: 'b'Type violation in line 19\n''
Expected : 'b'Type violation in line 19\nType violation in line 20\nType violation in line 21\nType violation in line 21\nType violation in line 21\n''
Run './parser /homes/cs352/Spring23/Grading/tarindu/p2test/tests/testcases/type/MultipleErrorsVarDecl.java'
[91m[ FAIL ][0m MethodDeclBadReturnType
Got error: 'b'''
Expected : 'b'Type violation in line 5\n''
Run './parser /homes/cs352/Spring23/Grading/tarindu/p2test/tests/testcases/type/MethodDeclBadReturnType.java'
[92m[ PASS ][0m StatementAssignWrongTypes
[92m[ PASS ][0m MethodDeclAssignMethod2
[92m[ PASS ][0m StatementPrintBadExpr
[91m[ FAIL ][0m MethodDeclBadExprInCall
Got error: 'b'Type violation in line 8\nType violation in line 8\n''
Expected : 'b'Type violation in line 8\n''
Run './parser /homes/cs352/Spring23/Grading/tarindu/p2test/tests/testcases/type/MethodDeclBadExprInCall.java'
[92m[ PASS ][0m MethodDeclAssignMethod
[91m[ FAIL ][0m MethodDeclRedefinition
Got error: 'b'''
Expected : 'b'Type violation in line 6\n''
Run './parser /homes/cs352/Spring23/Grading/tarindu/p2test/tests/testcases/type/MethodDeclRedefinition.java'
[92m[ PASS ][0m MethodDeclTooFewArgs
[92m[ PASS ][0m StatementAssignBadLValue
[92m[ PASS ][0m UnaryExprNotEvalBool
[92m[ PASS ][0m NewExprBoolInNew
[92m[ PASS ][0m StaticVarDeclRedefinition
[92m[ PASS ][0m NewExprArrayInNew
[92m[ PASS ][0m LValExprTooManyBrackets
[92m[ PASS ][0m MultipleErrorsStaticVars
[91m[ FAIL ][0m StatementAssignBadExpr
Got error: 'b'Type violation in line 9\nType violation in line 9\n''
Expected : 'b'Type violation in line 9\n''
Run './parser /homes/cs352/Spring23/Grading/tarindu/p2test/tests/testcases/type/StatementAssignBadExpr.java'
[92m[ PASS ][0m StatementAssignBadLValue2
[91m[ FAIL ][0m MethodDeclAssignIntToBool
Got error: 'b'''
Expected : 'b'Type Violation in Line 5\n''
Run './parser /homes/cs352/Spring23/Grading/tarindu/p2test/tests/testcases/type/MethodDeclAssignIntToBool.java'
[92m[ PASS ][0m StatementConditionalRecurseError
[92m[ PASS ][0m UnaryExprLength
[92m[ PASS ][0m UnaryExprUnaryString
[92m[ PASS ][0m StatementConditionalWhile.NotBoolCond
[92m[ PASS ][0m BinaryExprArrayInOp
[92m[ PASS ][0m StatementConditionalIf.NotBoolCond
[92m[ PASS ][0m UnaryExprNotInt"
ndullam,2023-03-12,20:02:57,50.0,46.0,"[92m[ PASS ][0m NoMain
[92m[ PASS ][0m NestedIf
[92m[ PASS ][0m TwoClasses
[92m[ PASS ][0m NewMain
[92m[ PASS ][0m MultipleErrorsCombined
[92m[ PASS ][0m MultipleErrorsDoubleDecl
[92m[ PASS ][0m StatementScopeRedefineSym
[92m[ PASS ][0m LiteralExprIntToArray
[91m[ FAIL ][0m StatementReturnWrongType
Got error: 'b'''
Expected : 'b'Type violation in line 6\n''
Run './parser /homes/cs352/Spring23/Grading/tarindu/p2test/tests/testcases/type/StatementReturnWrongType.java'
[92m[ PASS ][0m UnaryExprUnaryBool
[92m[ PASS ][0m StatementMethodCallWrongTypes
[91m[ FAIL ][0m StatementVarDeclCheckArgs
Got error: 'b'''
Expected : 'b'Type violation in line 6\n''
Run './parser /homes/cs352/Spring23/Grading/tarindu/p2test/tests/testcases/type/StatementVarDeclCheckArgs.java'
[92m[ PASS ][0m LValExprDiffType
[92m[ PASS ][0m ParseIntNotString
[92m[ PASS ][0m MethodDeclWrongType
[92m[ PASS ][0m StatementVarDeclRedefinition
[92m[ PASS ][0m StatementScopeRedefinition
[92m[ PASS ][0m BinaryExprLogicalToBool
[91m[ FAIL ][0m StaticVarDeclTypeStillRequired
Got error: 'b'''
Expected : 'b'Type violation in line 5\n''
Run './parser /homes/cs352/Spring23/Grading/tarindu/p2test/tests/testcases/type/StaticVarDeclTypeStillRequired.java'
[92m[ PASS ][0m NewExprDifferentNewType
[92m[ PASS ][0m BinaryExprIntInBool
[92m[ PASS ][0m BinaryExprInvalidOperand
[92m[ PASS ][0m LiteralExprBoolToInt
[92m[ PASS ][0m StatementPrintBadExpr2
[91m[ FAIL ][0m MultipleErrorsVarDecl
Got error: 'b'Type violation in line 19\nType violation in line 20\nType violation in line 21\nType violation in line 21\n''
Expected : 'b'Type violation in line 19\nType violation in line 20\nType violation in line 21\nType violation in line 21\nType violation in line 21\n''
Run './parser /homes/cs352/Spring23/Grading/tarindu/p2test/tests/testcases/type/MultipleErrorsVarDecl.java'
[92m[ PASS ][0m MethodDeclBadReturnType
[92m[ PASS ][0m StatementAssignWrongTypes
[92m[ PASS ][0m MethodDeclAssignMethod2
[92m[ PASS ][0m StatementPrintBadExpr
[92m[ PASS ][0m MethodDeclBadExprInCall
[92m[ PASS ][0m MethodDeclAssignMethod
[92m[ PASS ][0m MethodDeclRedefinition
[92m[ PASS ][0m MethodDeclTooFewArgs
[92m[ PASS ][0m StatementAssignBadLValue
[92m[ PASS ][0m UnaryExprNotEvalBool
[92m[ PASS ][0m NewExprBoolInNew
[92m[ PASS ][0m StaticVarDeclRedefinition
[92m[ PASS ][0m NewExprArrayInNew
[92m[ PASS ][0m LValExprTooManyBrackets
[92m[ PASS ][0m MultipleErrorsStaticVars
[92m[ PASS ][0m StatementAssignBadExpr
[92m[ PASS ][0m StatementAssignBadLValue2
[92m[ PASS ][0m MethodDeclAssignIntToBool
[92m[ PASS ][0m StatementConditionalRecurseError
[92m[ PASS ][0m UnaryExprLength
[92m[ PASS ][0m UnaryExprUnaryString
[92m[ PASS ][0m StatementConditionalWhile.NotBoolCond
[92m[ PASS ][0m BinaryExprArrayInOp
[92m[ PASS ][0m StatementConditionalIf.NotBoolCond
[92m[ PASS ][0m UnaryExprNotInt"
rdelliso,2023-03-12,21:49:53,50.0,44.0,"[92m[ PASS ][0m NoMain
[92m[ PASS ][0m NestedIf
[92m[ PASS ][0m TwoClasses
[92m[ PASS ][0m NewMain
[91m[ FAIL ][0m MultipleErrorsCombined
Got error: 'b'Type violation in line 14\nType violation in line 15\nType violation in line 17\nType violation in line 18\n''
Expected : 'b'Type violation in line 14\nType violation in line 15\nType violation in line 16\nType violation in line 17\nType violation in line 18\n''
Run './parser /homes/cs352/Spring23/Grading/tarindu/p2test/tests/testcases/type/MultipleErrorsCombined.java'
[92m[ PASS ][0m MultipleErrorsDoubleDecl
[92m[ PASS ][0m StatementScopeRedefineSym
[92m[ PASS ][0m LiteralExprIntToArray
[91m[ FAIL ][0m StatementReturnWrongType
Got error: 'b'''
Expected : 'b'Type violation in line 6\n''
Run './parser /homes/cs352/Spring23/Grading/tarindu/p2test/tests/testcases/type/StatementReturnWrongType.java'
[92m[ PASS ][0m UnaryExprUnaryBool
[92m[ PASS ][0m StatementMethodCallWrongTypes
[92m[ PASS ][0m StatementVarDeclCheckArgs
[92m[ PASS ][0m LValExprDiffType
[92m[ PASS ][0m ParseIntNotString
[92m[ PASS ][0m MethodDeclWrongType
[92m[ PASS ][0m StatementVarDeclRedefinition
[92m[ PASS ][0m StatementScopeRedefinition
[92m[ PASS ][0m BinaryExprLogicalToBool
[92m[ PASS ][0m StaticVarDeclTypeStillRequired
[92m[ PASS ][0m NewExprDifferentNewType
[92m[ PASS ][0m BinaryExprIntInBool
[92m[ PASS ][0m BinaryExprInvalidOperand
[92m[ PASS ][0m LiteralExprBoolToInt
[92m[ PASS ][0m StatementPrintBadExpr2
[91m[ FAIL ][0m MultipleErrorsVarDecl
Got error: 'b'Type violation in line 19\nType violation in line 19\nType violation in line 20\nType violation in line 21\n''
Expected : 'b'Type violation in line 19\nType violation in line 20\nType violation in line 21\nType violation in line 21\nType violation in line 21\n''
Run './parser /homes/cs352/Spring23/Grading/tarindu/p2test/tests/testcases/type/MultipleErrorsVarDecl.java'
[92m[ PASS ][0m MethodDeclBadReturnType
[92m[ PASS ][0m StatementAssignWrongTypes
[92m[ PASS ][0m MethodDeclAssignMethod2
[92m[ PASS ][0m StatementPrintBadExpr
[91m[ FAIL ][0m MethodDeclBadExprInCall
Got error: 'b'Type violation in line 8\nType violation in line 8\n''
Expected : 'b'Type violation in line 8\n''
Run './parser /homes/cs352/Spring23/Grading/tarindu/p2test/tests/testcases/type/MethodDeclBadExprInCall.java'
[92m[ PASS ][0m MethodDeclAssignMethod
[91m[ FAIL ][0m MethodDeclRedefinition
Got error: 'b'Type violation in line 0\n''
Expected : 'b'Type violation in line 6\n''
Run './parser /homes/cs352/Spring23/Grading/tarindu/p2test/tests/testcases/type/MethodDeclRedefinition.java'
[92m[ PASS ][0m MethodDeclTooFewArgs
[92m[ PASS ][0m StatementAssignBadLValue
[91m[ FAIL ][0m UnaryExprNotEvalBool
Got error: 'b'''
Expected : 'b'Type violation in line 5\n''
Run './parser /homes/cs352/Spring23/Grading/tarindu/p2test/tests/testcases/type/UnaryExprNotEvalBool.java'
[92m[ PASS ][0m NewExprBoolInNew
[92m[ PASS ][0m StaticVarDeclRedefinition
[92m[ PASS ][0m NewExprArrayInNew
[92m[ PASS ][0m LValExprTooManyBrackets
[92m[ PASS ][0m MultipleErrorsStaticVars
[92m[ PASS ][0m StatementAssignBadExpr
[92m[ PASS ][0m StatementAssignBadLValue2
[92m[ PASS ][0m MethodDeclAssignIntToBool
[92m[ PASS ][0m StatementConditionalRecurseError
[92m[ PASS ][0m UnaryExprLength
[92m[ PASS ][0m UnaryExprUnaryString
[92m[ PASS ][0m StatementConditionalWhile.NotBoolCond
[92m[ PASS ][0m BinaryExprArrayInOp
[92m[ PASS ][0m StatementConditionalIf.NotBoolCond
[92m[ PASS ][0m UnaryExprNotInt"
rnstump,2023-03-14,23:48:07,49.0,43.0,"[91m[ FAIL ][0m NoMain
MainClass: Test1
| Static Variables:
| Static Methods:
| Main Method:
| | MethodDecl: void main(String[] args)
| | | StatementBlock(4:44 to 4:45)
MainClass: Test
| Static Variables:
| | VarDeclList(14:20 to 14:32): int
| | | VarDecl(14:24 to 14:30): ""a""
| | | | BooleanLiteral(14:28 to 14:31): true
| | VarDeclList(15:20 to 15:35): int
| | | VarDecl(15:24 to 15:33): ""b""
| | | | StringLiteral(15:27 to 15:34): ""Hello""
| | VarDeclList(16:20 to 16:29): int
| | | VarDecl(16:24 to 16:27): ""a""
| | | | IntegerLiteral(16:28 to 16:28): 1
| | VarDeclList(17:20 to 17:29): int
| | | VarDecl(17:24 to 17:27): ""a""
| | | | IntegerLiteral(17:28 to 17:28): 2
| | VarDeclList(18:20 to 18:29): int
| | | VarDecl(18:24 to 18:27): ""a""
| | | | IntegerLiteral(18:28 to 18:28): 2
| Static Methods:
| Main Method:
| | MethodDecl: void main(String[] args)
| | | StatementBlock(20:44 to 20:45)
MainClass: Test
| Static Variables:
| | VarDeclList(8:20 to 8:29): int
| | | VarDecl(8:24 to 8:27): ""a""
| | | | IntegerLiteral(8:28 to 8:28): 1
| | VarDeclList(9:20 to 9:29): int
| | | VarDecl(9:24 to 9:27): ""a""
| | | | IntegerLiteral(9:28 to 9:28): 2
| | VarDeclList(10:20 to 10:29): int
| | | VarDecl(10:24 to 10:27): ""a""
| | | | IntegerLiteral(10:28 to 10:28): 2
| Static Methods:
| Main Method:
| | MethodDecl: void main(String[] args)
| | | StatementBlock(12:44 to 12:45)
MainClass: Test
| Static Variables:
| Static Methods:
| Main Method:
| | MethodDecl: void main(String[] args)
| | | StatementBlock(5:44 to 12:5)
| | | | StatementBlock(6:9 to 11:9)
| | | | | VarDeclList(7:13 to 7:18): int
| | | | | | VarDecl(7:17 to 7:17): ""a""
| | | | | StatementBlock(8:13 to 10:13)
| | | | | | VarDeclList(9:17 to 9:22): int
| | | | | | | VarDecl(9:21 to 9:21): ""a""
MainClass: Test
| Static Variables:
| | VarDeclList(4:20 to 4:33): int[]
| | | VarDecl(4:26 to 4:31): ""arr""
| | | | IntegerLiteral(4:32 to 4:32): 1
| Static Methods:
| Main Method:
| | MethodDecl: void main(String[] args)
| | | StatementBlock(5:44 to 5:45)
MainClass: Test
| Static Variables:
| Static Methods:
| Main Method:
| | MethodDecl: void main(String[] args)
| | | StatementBlock(5:44 to 7:5)
| | | | Return(6:9 to 6:17)
| | | | | IntegerLiteral(6:16 to 6:16): 1
MainClass: Test
| Static Variables:
| | VarDeclList(5:20 to 5:33): int
| | | VarDecl(5:24 to 5:30): ""a""
| | | | UnaryOp: ""-""
| | | | | BooleanLiteral(5:29 to 5:32): true
| Static Methods:
| Main Method:
| | MethodDecl: void main(String[] args)
| | | StatementBlock(6:44 to 6:45)
MainClass: Test
| Static Variables:
| Static Methods:
| | MethodDecl: int method(int b)
| | | StatementBlock(5:37 to 5:38)
| Main Method:
| | MethodDecl: void main(String[] args)
| | | StatementBlock(6:44 to 8:5)
| | | | ExpressionStatement(7:9 to 7:21)
| | | | | MethodCall(7:9 to 7:20): ""method""
| | | | | | BooleanLiteral(7:16 to 7:19): true
MainClass: Test
| Static Variables:
| Static Methods:
| Main Method:
| | MethodDecl: void main(String[] args)
| | | StatementBlock(5:44 to 7:5)
| | | | VarDeclList(6:9 to 6:17): int
| | | | | VarDecl(6:13 to 6:16): ""args""
MainClass: Test
| Static Variables:
| | VarDeclList(5:20 to 5:42): int[]
| | | VarDecl(5:26 to 5:39): ""arr""
| | | | New(5:32 to 5:40): int[]
| | | | | IntegerLiteral(5:40 to 5:40): 5
| | VarDeclList(6:20 to 6:38): boolean
| | | VarDecl(6:28 to 6:35): ""b""
| | | | VarReference(6:32 to 6:34): arr
| | | | | IntegerLiteral(6:36 to 6:36): 1
| Static Methods:
| Main Method:
| | MethodDecl: void main(String[] args)
| | | StatementBlock(7:44 to 7:45)
MainClass: Test
| Static Variables:
| Static Methods:
| Main Method:
| | MethodDecl: void main(String[] args)
| | | StatementBlock(5:44 to 7:5)
| | | | VarDeclList(6:9 to 6:36): int
| | | | | VarDecl(6:13 to 6:33): ""a""
| | | | | | MethodCall(6:17 to 6:35): ""Integer.ParseInt""
| | | | | | | IntegerLiteral(6:34 to 6:34): 1
MainClass: Test
| Static Variables:
| | VarDeclList(5:20 to 5:40): int
| | | VarDecl(5:24 to 5:37): ""a""
| | | | MethodCall(5:28 to 5:39): ""method""
| | | | | BooleanLiteral(5:35 to 5:38): true
| Static Methods:
| | MethodDecl: int method(int b)
| | | StatementBlock(6:37 to 6:38)
| Main Method:
| | MethodDecl: void main(String[] args)
| | | StatementBlock(7:44 to 7:45)
MainClass: Test
| Static Variables:
| Static Methods:
| Main Method:
| | MethodDecl: void main(String[] args)
| | | StatementBlock(5:44 to 8:5)
| | | | VarDeclList(6:9 to 6:18): int
| | | | | VarDecl(6:13 to 6:16): ""a""
| | | | | | IntegerLiteral(6:17 to 6:17): 1
| | | | VarDeclList(7:9 to 7:27): String
| | | | | VarDecl(7:16 to 7:25): ""a""
| | | | | | StringLiteral(7:19 to 7:26): ""hello""
MainClass: Test
| Static Variables:
| Static Methods:
| Main Method:
| | MethodDecl: void main(String[] args)
| | | StatementBlock(5:44 to 10:5)
| | | | VarDeclList(6:9 to 6:14): int
| | | | | VarDecl(6:13 to 6:13): ""a""
| | | | StatementBlock(7:9 to 9:9)
| | | | | VarDeclList(8:13 to 8:21): String
| | | | | | VarDecl(8:20 to 8:20): ""a""
MainClass: Test
| Static Variables:
| | VarDeclList(5:20 to 5:34): int
| | | VarDecl(5:24 to 5:31): ""a""
| | | | BinaryOp(5:28 to 5:32): ""==""
| | | | | IntegerLiteral(5:28 to 5:28): 1
| | | | | IntegerLiteral(5:33 to 5:33): 2
| Static Methods:
| Main Method:
| | MethodDecl: void main(String[] args)
| | | StatementBlock(6:44 to 6:45)
MainClass: Test
| Static Variables:
| | VarDeclList(5:20 to 5:35): int
| | | VarDecl(5:24 to 5:24): ""a""
| | | VarDecl(5:27 to 5:33): ""b""
| | | | BooleanLiteral(5:31 to 5:34): true
| Static Methods:
| Main Method:
| | MethodDecl: void main(String[] args)
| | | StatementBlock(6:44 to 6:45)
MainClass: Test
| Static Variables:
| | VarDeclList(5:20 to 5:44): int[]
| | | VarDecl(5:26 to 5:41): ""a""
| | | | New(5:30 to 5:42): boolean[]
| | | | | IntegerLiteral(5:42 to 5:42): 3
| Static Methods:
| Main Method:
| | MethodDecl: void main(String[] args)
| | | StatementBlock(6:44 to 6:45)
MainClass: Test
| Static Variables:
| | VarDeclList(7:20 to 7:41): boolean
| | | VarDecl(7:28 to 7:38): ""b""
| | | | BinaryOp(7:32 to 7:39): ""&&""
| | | | | BooleanLiteral(7:32 to 7:35): true
| | | | | IntegerLiteral(7:40 to 7:40): 1
| Static Methods:
| Main Method:
| | MethodDecl: void main(String[] args)
| | | StatementBlock(8:44 to 8:45)
MainClass: Test
| Static Variables:
| | VarDeclList(6:20 to 6:49): boolean
| | | VarDecl(6:28 to 6:46): ""b""
| | | | BinaryOp(6:32 to 6:47): ""+""
| | | | | BooleanLiteral(6:32 to 6:35): true
| | | | | BooleanLiteral(6:44 to 6:48): false
| Static Methods:
| Main Method:
| | MethodDecl: void main(String[] args)
| | | StatementBlock(7:44 to 7:45)
MainClass: Test
| Static Variables:
| | VarDeclList(5:20 to 5:32): int
| | | VarDecl(5:24 to 5:30): ""a""
| | | | BooleanLiteral(5:28 to 5:31): true
| Static Methods:
| Main Method:
| | MethodDecl: void main(String[] args)
| | | StatementBlock(6:44 to 6:45)
MainClass: Test
| Static Variables:
| Static Methods:
| Main Method:
| | MethodDecl: void main(String[] args)
| | | StatementBlock(5:44 to 7:5)
| | | | ExpressionStatement(6:9 to 6:28)
| | | | | MethodCall(6:9 to 6:27): ""System.out.print""
| | | | | | VarReference(6:26 to 6:26): a
MainClass: Test
| Static Variables:
| Static Methods:
| | MethodDecl: String s(int a)
| | | StatementBlock(17:35 to 17:36)
| Main Method:
| | MethodDecl: void main(String[] args)
| | | StatementBlock(18:44 to 22:5)
| | | | VarDeclList(19:9 to 19:21): int
| | | | | VarDecl(19:13 to 19:19): ""a""
| | | | | | BooleanLiteral(19:17 to 19:20): true
| | | | VarDeclList(20:9 to 20:27): String
| | | | | VarDecl(20:16 to 20:25): ""a""
| | | | | | StringLiteral(20:19 to 20:26): ""hello""
| | | | VarDeclList(21:9 to 21:51): boolean
| | | | | VarDecl(21:17 to 21:48): ""b""
| | | | | | MethodCall(21:21 to 21:50): ""s""
| | | | | | | BooleanLiteral(21:28 to 21:32): false
| | | | | | | BinaryOp(21:34 to 21:48): ""+""
| | | | | | | | StringLiteral(21:34 to 21:45): ""extra arg""
| | | | | | | | IntegerLiteral(21:49 to 21:49): 1
MainClass: Test
| Static Variables:
| | VarDeclList(5:20 to 5:39): String
| | | VarDecl(5:27 to 5:36): ""s""
| | | | MethodCall(5:31 to 5:38): ""method""
| Static Methods:
| | MethodDecl: int method()
| | | StatementBlock(6:32 to 6:33)
| Main Method:
| | MethodDecl: void main(String[] args)
| | | StatementBlock(7:44 to 7:45)
MainClass: Test
| Static Variables:
| Static Methods:
| Main Method:
| | MethodDecl: void main(String[] args)
| | | StatementBlock(6:44 to 8:5)
| | | | Assignment(7:9 to 7:17)
| | | | | VarReference(7:9 to 7:12): args
| | | | | IntegerLiteral(7:16 to 7:16): 1
MainClass: Test
| Static Variables:
| | VarDeclList(5:20 to 5:38): boolean
| | | VarDecl(5:28 to 5:35): ""b""
| | | | VarReference(5:32 to 5:37): method
| Static Methods:
| | MethodDecl: boolean method(int a)
| | | StatementBlock(6:41 to 6:42)
| Main Method:
| | MethodDecl: void main(String[] args)
| | | StatementBlock(7:44 to 7:45)
MainClass: Test
| Static Variables:
| Static Methods:
| Main Method:
| | MethodDecl: void main(String[] args)
| | | StatementBlock(7:44 to 9:5)
| | | | ExpressionStatement(8:9 to 8:37)
| | | | | MethodCall(8:9 to 8:36): ""System.out.println""
| | | | | | BinaryOp(8:28 to 8:34): ""+""
| | | | | | | VarReference(8:28 to 8:31): args
| | | | | | | IntegerLiteral(8:35 to 8:35): 1
MainClass: Test
| Static Variables:
| | VarDeclList(8:20 to 8:44): int
| | | VarDecl(8:24 to 8:41): ""a""
| | | | MethodCall(8:28 to 8:43): ""method""
| | | | | BinaryOp(8:35 to 8:41): ""+""
| | | | | | IntegerLiteral(8:35 to 8:35): 1
| | | | | | BooleanLiteral(8:39 to 8:42): true
| Static Methods:
| | MethodDecl: int method(int b)
| | | StatementBlock(9:37 to 9:38)
| Main Method:
| | MethodDecl: void main(String[] args)
| | | StatementBlock(10:44 to 10:45)
MainClass: Test
| Static Variables:
| | VarDeclList(5:20 to 5:34): int
| | | VarDecl(5:24 to 5:31): ""a""
| | | | VarReference(5:28 to 5:33): method
| Static Methods:
| | MethodDecl: int method()
| | | StatementBlock(6:32 to 6:33)
| Main Method:
| | MethodDecl: void main(String[] args)
| | | StatementBlock(7:44 to 7:45)
MainClass: Test
| Static Variables:
| Static Methods:
| | MethodDecl: int a()
| | | StatementBlock(5:27 to 5:28)
| | MethodDecl: int a()
| | | StatementBlock(6:27 to 6:28)
| Main Method:
| | MethodDecl: void main(String[] args)
| | | StatementBlock(8:44 to 8:45)
MainClass: Test
| Static Variables:
| | VarDeclList(6:20 to 6:37): int
| | | VarDecl(6:24 to 6:34): ""a""
| | | | MethodCall(6:28 to 6:36): ""method""
| | | | | IntegerLiteral(6:35 to 6:35): 1
| Static Methods:
| | MethodDecl: int method(int oneint, two)
| | | StatementBlock(7:48 to 7:49)
| Main Method:
| | MethodDecl: void main(String[] args)
| | | StatementBlock(8:44 to 8:45)
MainClass: Test
| Static Variables:
| Static Methods:
| | MethodDecl: String a()
| | | StatementBlock(5:30 to 5:31)
| Main Method:
| | MethodDecl: void main(String[] args)
| | | StatementBlock(6:44 to 8:5)
| | | | Assignment(7:9 to 7:14)
| | | | | VarReference(7:9 to 7:9): a
| | | | | VarReference(7:13 to 7:13): a
MainClass: Test
| Static Variables:
| | VarDeclList(5:20 to 5:33): int
| | | VarDecl(5:24 to 5:30): ""a""
| | | | UnaryOp: ""!""
| | | | | BooleanLiteral(5:29 to 5:32): true
| Static Methods:
| Main Method:
| | MethodDecl: void main(String[] args)
| | | StatementBlock(6:44 to 6:45)
MainClass: Test
| Static Variables:
| | VarDeclList(5:20 to 5:51): boolean[]
| | | VarDecl(5:30 to 5:48): ""b""
| | | | New(5:34 to 5:49): boolean[]
| | | | | BooleanLiteral(5:46 to 5:49): true
| Static Methods:
| Main Method:
| | MethodDecl: void main(String[] args)
| | | StatementBlock(6:44 to 6:45)
MainClass: Test
| Static Variables:
| | VarDeclList(5:20 to 5:29): int
| | | VarDecl(5:24 to 5:27): ""a""
| | | | IntegerLiteral(5:28 to 5:28): 1
| | VarDeclList(6:20 to 6:44): String
| | | VarDecl(6:27 to 6:42): ""a""
| | | | StringLiteral(6:30 to 6:43): ""Hello world""
| Static Methods:
| Main Method:
| | MethodDecl: void main(String[] args)
| | | StatementBlock(8:44 to 8:45)
MainClass: Test
| Static Variables:
| | VarDeclList(5:20 to 5:52): int[]
| | | VarDecl(5:26 to 5:49): ""a""
| | | | New(5:30 to 5:50): int[]
| | | | | New(5:38 to 5:49): int[][]
| | | | | | IntegerLiteral(5:46 to 5:46): 1
| | | | | | IntegerLiteral(5:49 to 5:49): 2
| Static Methods:
| Main Method:
| | MethodDecl: void main(String[] args)
| | | StatementBlock(6:44 to 6:45)
MainClass: Test
| Static Variables:
| | VarDeclList(5:20 to 5:40): int[]
| | | VarDecl(5:26 to 5:37): ""a""
| | | | New(5:30 to 5:38): int[]
| | | | | IntegerLiteral(5:38 to 5:38): 5
| | VarDeclList(6:20 to 6:35): int
| | | VarDecl(6:24 to 6:32): ""b""
| | | | VarReference(6:28 to 6:28): a
| | | | | IntegerLiteral(6:30 to 6:30): 1
| | | | | IntegerLiteral(6:33 to 6:33): 2
| Static Methods:
| Main Method:
| | MethodDecl: void main(String[] args)
| | | StatementBlock(7:44 to 7:45)
MainClass: Test
| Static Variables:
| | VarDeclList(8:20 to 8:32): int
| | | VarDecl(8:24 to 8:30): ""a""
| | | | BooleanLiteral(8:28 to 8:31): true
| | VarDeclList(9:20 to 9:35): int
| | | VarDecl(9:24 to 9:33): ""b""
| | | | StringLiteral(9:27 to 9:34): ""Hello""
| Static Methods:
| Main Method:
| | MethodDecl: void main(String[] args)
| | | StatementBlock(11:44 to 11:45)
MainClass: Test
| Static Variables:
| Static Methods:
| Main Method:
| | MethodDecl: void main(String[] args)
| | | StatementBlock(8:44 to 10:5)
| | | | Assignment(9:9 to 9:30)
| | | | | VarReference(9:9 to 9:12): args
| | | | | BinaryOp(9:16 to 9:28): ""+""
| | | | | | BooleanLiteral(9:16 to 9:19): true
| | | | | | StringLiteral(9:22 to 9:29): ""false""
MainClass: Test
| Static Variables:
| Static Methods:
| Main Method:
| | MethodDecl: void main(String[] args)
| | | StatementBlock(5:44 to 7:5)
| | | | VarDeclList(6:9 to 6:24): int
| | | | | VarDecl(6:13 to 6:21): ""a""
| | | | | | VarReference(6:17 to 6:20): args
| | | | | | | IntegerLiteral(6:22 to 6:22): 1
MainClass: Test
| Static Variables:
| | VarDeclList(5:20 to 5:40): boolean
| | | VarDecl(5:28 to 5:37): ""a""
| | | | MethodCall(5:32 to 5:39): ""method""
| Static Methods:
| | MethodDecl: int method()
| | | StatementBlock(6:32 to 6:33)
| Main Method:
| | MethodDecl: void main(String[] args)
| | | StatementBlock(7:44 to 7:45)
MainClass: Test
| Static Variables:
| Static Methods:
| Main Method:
| | MethodDecl: void main(String[] args)
| | | StatementBlock(5:44 to 9:5)
| | | | If(6:9 to 8:15)
| | | | | BooleanLiteral(6:13 to 6:16): true
| | | | | StatementBlock(6:19 to 8:9)
| | | | | | VarDeclList(7:13 to 7:28): int
| | | | | | | VarDecl(7:17 to 7:26): ""a""
| | | | | | | | StringLiteral(7:20 to 7:27): ""hello""
| | | | | StatementBlock(8:16 to 8:17)
MainClass: Test
| Static Variables:
| | VarDeclList(5:20 to 5:40): int[]
| | | VarDecl(5:26 to 5:37): ""a""
| | | | New(5:30 to 5:38): int[]
| | | | | IntegerLiteral(5:38 to 5:38): 5
| | VarDeclList(6:20 to 6:39): int
| | | VarDecl(6:24 to 6:37): ""b""
| | | | Length(6:28 to 6:38)
| | | | | VarReference(6:28 to 6:28): a
| | | | | | IntegerLiteral(6:30 to 6:30): 0
| Static Methods:
| Main Method:
| | MethodDecl: void main(String[] args)
| | | StatementBlock(7:44 to 7:45)
MainClass: Test
| Static Variables:
| | VarDeclList(5:20 to 5:36): int
| | | VarDecl(5:24 to 5:33): ""a""
| | | | UnaryOp: ""+""
| | | | | StringLiteral(5:28 to 5:35): ""Hello""
| Static Methods:
| Main Method:
| | MethodDecl: void main(String[] args)
| | | StatementBlock(6:44 to 6:45)
MainClass: Test
| Static Variables:
| Static Methods:
| Main Method:
| | MethodDecl: void main(String[] args)
| | | StatementBlock(5:44 to 7:5)
| | | | While(6:9 to 6:21)
| | | | | VarReference(6:16 to 6:19): args
| | | | | StatementBlock(6:22 to 6:23)
MainClass: Test
| Static Variables:
| | VarDeclList(7:20 to 7:44): int
| | | VarDecl(7:24 to 7:41): ""a""
| | | | BinaryOp(7:28 to 7:42): ""+""
| | | | | New(7:29 to 7:37): int[]
| | | | | | IntegerLiteral(7:37 to 7:37): 1
| | | | | IntegerLiteral(7:43 to 7:43): 2
| Static Methods:
| Main Method:
| | MethodDecl: void main(String[] args)
| | | StatementBlock(8:44 to 8:45)
MainClass: Test
| Static Variables:
| Static Methods:
| Main Method:
| | MethodDecl: void main(String[] args)
| | | StatementBlock(5:44 to 7:5)
| | | | If(6:9 to 6:26)
| | | | | VarReference(6:13 to 6:16): args
| | | | | StatementBlock(6:19 to 6:20)
| | | | | StatementBlock(6:27 to 6:28)
MainClass: Test
| Static Variables:
| | VarDeclList(5:20 to 5:34): boolean
| | | VarDecl(5:28 to 5:31): ""b""
| | | | UnaryOp: ""!""
| | | | | IntegerLiteral(5:33 to 5:33): 1
| Static Methods:
| Main Method:
| | MethodDecl: void main(String[] args)
| | | StatementBlock(6:44 to 6:45)
Got error: 'b'Syntax errors in line 6\nThe final method in the class must be named ""main""\n''
Expected : 'b'Syntax errors in line 5\n''
Run './parser /homes/cs352/Spring23/Grading/tarindu/p2test/tests/testcases/syntax/NoMain.java'
[92m[ PASS ][0m NestedIf
[92m[ PASS ][0m TwoClasses
[92m[ PASS ][0m NewMain
[91m[ FAIL ][0m MultipleErrorsCombined
Got error: 'b'Type violation in line 14\nRight hand of Type violation in line 15\nRight hand of Type violation in line 16\nSymbol already exists in a previous scope\nType violation in line 17\nSymbol already exists in a previous scope\nType violation in line 18\nSymbol already exists in a previous scope\n''
Expected : 'b'Type violation in line 14\nType violation in line 15\nType violation in line 16\nType violation in line 17\nType violation in line 18\n''
Run './parser /homes/cs352/Spring23/Grading/tarindu/p2test/tests/testcases/type/MultipleErrorsCombined.java'
[91m[ FAIL ][0m MultipleErrorsDoubleDecl
Got error: 'b'Type violation in line 9\nSymbol already exists in a previous scope\nType violation in line 10\nSymbol already exists in a previous scope\n''
Expected : 'b'Type violation in line 9\nType violation in line 10\n''
Run './parser /homes/cs352/Spring23/Grading/tarindu/p2test/tests/testcases/type/MultipleErrorsDoubleDecl.java'
[92m[ PASS ][0m StatementScopeRedefineSym
[92m[ PASS ][0m LiteralExprIntToArray
[91m[ FAIL ][0m StatementReturnWrongType
Got error: 'b'Type violation in line 6\nType of return is different from containing method\n''
Expected : 'b'Type violation in line 6\n''
Run './parser /homes/cs352/Spring23/Grading/tarindu/p2test/tests/testcases/type/StatementReturnWrongType.java'
[92m[ PASS ][0m UnaryExprUnaryBool
[92m[ PASS ][0m StatementMethodCallWrongTypes
[92m[ PASS ][0m StatementVarDeclCheckArgs
[92m[ PASS ][0m LValExprDiffType
[92m[ PASS ][0m ParseIntNotString
[92m[ PASS ][0m MethodDeclWrongType
[92m[ PASS ][0m StatementVarDeclRedefinition
[92m[ PASS ][0m StatementScopeRedefinition
[92m[ PASS ][0m BinaryExprLogicalToBool
[92m[ PASS ][0m StaticVarDeclTypeStillRequired
[92m[ PASS ][0m NewExprDifferentNewType
[92m[ PASS ][0m BinaryExprIntInBool
[92m[ PASS ][0m BinaryExprInvalidOperand
[92m[ PASS ][0m LiteralExprBoolToInt
[92m[ PASS ][0m StatementPrintBadExpr2
[91m[ FAIL ][0m MultipleErrorsVarDecl
Got error: 'b'Type violation in line 19\nRight hand of Type violation in line 20\nSymbol already exists in a previous scope\nType violation in line 21\nRight hand of ''
Expected : 'b'Type violation in line 19\nType violation in line 20\nType violation in line 21\nType violation in line 21\nType violation in line 21\n''
Run './parser /homes/cs352/Spring23/Grading/tarindu/p2test/tests/testcases/type/MultipleErrorsVarDecl.java'
[92m[ PASS ][0m MethodDeclBadReturnType
[92m[ PASS ][0m StatementAssignWrongTypes
[92m[ PASS ][0m MethodDeclAssignMethod2
[92m[ PASS ][0m StatementPrintBadExpr
[92m[ PASS ][0m MethodDeclBadExprInCall
[92m[ PASS ][0m MethodDeclAssignMethod
[91m[ FAIL ][0m MethodDeclRedefinition
Got error: 'b'''
Expected : 'b'Type violation in line 6\n''
Run './parser /homes/cs352/Spring23/Grading/tarindu/p2test/tests/testcases/type/MethodDeclRedefinition.java'
[92m[ PASS ][0m MethodDeclTooFewArgs
[92m[ PASS ][0m StatementAssignBadLValue
[92m[ PASS ][0m UnaryExprNotEvalBool
[92m[ PASS ][0m NewExprBoolInNew
[92m[ PASS ][0m StaticVarDeclRedefinition
[92m[ PASS ][0m NewExprArrayInNew
[92m[ PASS ][0m LValExprTooManyBrackets
[91m[ FAIL ][0m MultipleErrorsStaticVars
Got error: 'b'Type violation in line 8\nRight hand of Type violation in line 9\nRight hand of ''
Expected : 'b'Type violation in line 8\nType violation in line 9\n''
Run './parser /homes/cs352/Spring23/Grading/tarindu/p2test/tests/testcases/type/MultipleErrorsStaticVars.java'
[92m[ PASS ][0m StatementAssignBadExpr
[92m[ PASS ][0m StatementAssignBadLValue2
[92m[ PASS ][0m MethodDeclAssignIntToBool
[92m[ PASS ][0m StatementConditionalRecurseError
[92m[ PASS ][0m UnaryExprLength
[92m[ PASS ][0m UnaryExprUnaryString
[92m[ PASS ][0m StatementConditionalWhile.NotBoolCond
[92m[ PASS ][0m BinaryExprArrayInOp
[92m[ PASS ][0m StatementConditionalIf.NotBoolCond
[92m[ PASS ][0m UnaryExprNotInt"
sharm390,2023-03-16,00:01:11,,,
sharm535,2023-03-12,17:07:53,0.0,0.0,"[91m[ FAIL ][0m NoMain
Got error: 'b'Syntax errors in line 1\n''
Expected : 'b'Syntax errors in line 5\n''
Run './parser /homes/cs352/Spring23/Grading/tarindu/p2test/tests/testcases/syntax/NoMain.java'
[91m[ FAIL ][0m NestedIf
Got error: 'b'Syntax errors in line 1\n''
Expected : 'b'Syntax errors in line 8\n''
Run './parser /homes/cs352/Spring23/Grading/tarindu/p2test/tests/testcases/syntax/NestedIf.java'
[91m[ FAIL ][0m TwoClasses
Got error: 'b'Syntax errors in line 1\n''
Expected : 'b'Syntax errors in line 7\n''
Run './parser /homes/cs352/Spring23/Grading/tarindu/p2test/tests/testcases/syntax/TwoClasses.java'
[91m[ FAIL ][0m NewMain
Got error: 'b'Syntax errors in line 1\n''
Expected : 'b'Syntax errors in line 4\n''
Run './parser /homes/cs352/Spring23/Grading/tarindu/p2test/tests/testcases/syntax/NewMain.java'
[91m[ FAIL ][0m MultipleErrorsCombined
Got error: 'b'Syntax errors in line 1\n''
Expected : 'b'Type violation in line 14\nType violation in line 15\nType violation in line 16\nType violation in line 17\nType violation in line 18\n''
Run './parser /homes/cs352/Spring23/Grading/tarindu/p2test/tests/testcases/type/MultipleErrorsCombined.java'
[91m[ FAIL ][0m MultipleErrorsDoubleDecl
Got error: 'b'Syntax errors in line 1\n''
Expected : 'b'Type violation in line 9\nType violation in line 10\n''
Run './parser /homes/cs352/Spring23/Grading/tarindu/p2test/tests/testcases/type/MultipleErrorsDoubleDecl.java'
[91m[ FAIL ][0m StatementScopeRedefineSym
Got error: 'b'Syntax errors in line 1\n''
Expected : 'b'Type violation in line 9\n''
Run './parser /homes/cs352/Spring23/Grading/tarindu/p2test/tests/testcases/type/StatementScopeRedefineSym.java'
[91m[ FAIL ][0m LiteralExprIntToArray
Got error: 'b'Syntax errors in line 1\n''
Expected : 'b'Type violation in line 4\n''
Run './parser /homes/cs352/Spring23/Grading/tarindu/p2test/tests/testcases/type/LiteralExprIntToArray.java'
[91m[ FAIL ][0m StatementReturnWrongType
Got error: 'b'Syntax errors in line 1\n''
Expected : 'b'Type violation in line 6\n''
Run './parser /homes/cs352/Spring23/Grading/tarindu/p2test/tests/testcases/type/StatementReturnWrongType.java'
[91m[ FAIL ][0m UnaryExprUnaryBool
Got error: 'b'Syntax errors in line 1\n''
Expected : 'b'Type violation in line 5\n''
Run './parser /homes/cs352/Spring23/Grading/tarindu/p2test/tests/testcases/type/UnaryExprUnaryBool.java'
[91m[ FAIL ][0m StatementMethodCallWrongTypes
Got error: 'b'Syntax errors in line 1\n''
Expected : 'b'Type Violation in Line 7\n''
Run './parser /homes/cs352/Spring23/Grading/tarindu/p2test/tests/testcases/type/StatementMethodCallWrongTypes.java'
[91m[ FAIL ][0m StatementVarDeclCheckArgs
Got error: 'b'Syntax errors in line 1\n''
Expected : 'b'Type violation in line 6\n''
Run './parser /homes/cs352/Spring23/Grading/tarindu/p2test/tests/testcases/type/StatementVarDeclCheckArgs.java'
[91m[ FAIL ][0m LValExprDiffType
Got error: 'b'Syntax errors in line 1\n''
Expected : 'b'Type violation in line 6\n''
Run './parser /homes/cs352/Spring23/Grading/tarindu/p2test/tests/testcases/type/LValExprDiffType.java'
[91m[ FAIL ][0m ParseIntNotString
Got error: 'b'Syntax errors in line 1\n''
Expected : 'b'Type violation in line 6\n''
Run './parser /homes/cs352/Spring23/Grading/tarindu/p2test/tests/testcases/type/ParseIntNotString.java'
[91m[ FAIL ][0m MethodDeclWrongType
Got error: 'b'Syntax errors in line 1\n''
Expected : 'b'Type violation in line 5\n''
Run './parser /homes/cs352/Spring23/Grading/tarindu/p2test/tests/testcases/type/MethodDeclWrongType.java'
[91m[ FAIL ][0m StatementVarDeclRedefinition
Got error: 'b'Syntax errors in line 1\n''
Expected : 'b'Type violation in line 7\n''
Run './parser /homes/cs352/Spring23/Grading/tarindu/p2test/tests/testcases/type/StatementVarDeclRedefinition.java'
[91m[ FAIL ][0m StatementScopeRedefinition
Got error: 'b'Syntax errors in line 1\n''
Expected : 'b'Type violation in line 8\n''
Run './parser /homes/cs352/Spring23/Grading/tarindu/p2test/tests/testcases/type/StatementScopeRedefinition.java'
[91m[ FAIL ][0m BinaryExprLogicalToBool
Got error: 'b'Syntax errors in line 1\n''
Expected : 'b'Type violation in line 5\n''
Run './parser /homes/cs352/Spring23/Grading/tarindu/p2test/tests/testcases/type/BinaryExprLogicalToBool.java'
[91m[ FAIL ][0m StaticVarDeclTypeStillRequired
Got error: 'b'Syntax errors in line 1\n''
Expected : 'b'Type violation in line 5\n''
Run './parser /homes/cs352/Spring23/Grading/tarindu/p2test/tests/testcases/type/StaticVarDeclTypeStillRequired.java'
[91m[ FAIL ][0m NewExprDifferentNewType
Got error: 'b'Syntax errors in line 1\n''
Expected : 'b'Type violation in line 5\n''
Run './parser /homes/cs352/Spring23/Grading/tarindu/p2test/tests/testcases/type/NewExprDifferentNewType.java'
[91m[ FAIL ][0m BinaryExprIntInBool
Got error: 'b'Syntax errors in line 1\n''
Expected : 'b'Type violation in line 7\n''
Run './parser /homes/cs352/Spring23/Grading/tarindu/p2test/tests/testcases/type/BinaryExprIntInBool.java'
[91m[ FAIL ][0m BinaryExprInvalidOperand
Got error: 'b'Syntax errors in line 1\n''
Expected : 'b'Type violation in line 6\n''
Run './parser /homes/cs352/Spring23/Grading/tarindu/p2test/tests/testcases/type/BinaryExprInvalidOperand.java'
[91m[ FAIL ][0m LiteralExprBoolToInt
Got error: 'b'Syntax errors in line 1\n''
Expected : 'b'Type violation in line 5\n''
Run './parser /homes/cs352/Spring23/Grading/tarindu/p2test/tests/testcases/type/LiteralExprBoolToInt.java'
[91m[ FAIL ][0m StatementPrintBadExpr2
Got error: 'b'Syntax errors in line 1\n''
Expected : 'b'Type violation in line 6\n''
Run './parser /homes/cs352/Spring23/Grading/tarindu/p2test/tests/testcases/type/StatementPrintBadExpr2.java'
[91m[ FAIL ][0m MultipleErrorsVarDecl
Got error: 'b'Syntax errors in line 1\n''
Expected : 'b'Type violation in line 19\nType violation in line 20\nType violation in line 21\nType violation in line 21\nType violation in line 21\n''
Run './parser /homes/cs352/Spring23/Grading/tarindu/p2test/tests/testcases/type/MultipleErrorsVarDecl.java'
[91m[ FAIL ][0m MethodDeclBadReturnType
Got error: 'b'Syntax errors in line 1\n''
Expected : 'b'Type violation in line 5\n''
Run './parser /homes/cs352/Spring23/Grading/tarindu/p2test/tests/testcases/type/MethodDeclBadReturnType.java'
[91m[ FAIL ][0m StatementAssignWrongTypes
Got error: 'b'Syntax errors in line 1\n''
Expected : 'b'Type violation in line 7\n''
Run './parser /homes/cs352/Spring23/Grading/tarindu/p2test/tests/testcases/type/StatementAssignWrongTypes.java'
[91m[ FAIL ][0m MethodDeclAssignMethod2
Got error: 'b'Syntax errors in line 1\n''
Expected : 'b'Type violation in line 5\n''
Run './parser /homes/cs352/Spring23/Grading/tarindu/p2test/tests/testcases/type/MethodDeclAssignMethod2.java'
[91m[ FAIL ][0m StatementPrintBadExpr
Got error: 'b'Syntax errors in line 1\n''
Expected : 'b'Type violation in line 8\n''
Run './parser /homes/cs352/Spring23/Grading/tarindu/p2test/tests/testcases/type/StatementPrintBadExpr.java'
[91m[ FAIL ][0m MethodDeclBadExprInCall
Got error: 'b'Syntax errors in line 1\n''
Expected : 'b'Type violation in line 8\n''
Run './parser /homes/cs352/Spring23/Grading/tarindu/p2test/tests/testcases/type/MethodDeclBadExprInCall.java'
[91m[ FAIL ][0m MethodDeclAssignMethod
Got error: 'b'Syntax errors in line 1\n''
Expected : 'b'Type violation in line 5\n''
Run './parser /homes/cs352/Spring23/Grading/tarindu/p2test/tests/testcases/type/MethodDeclAssignMethod.java'
[91m[ FAIL ][0m MethodDeclRedefinition
Got error: 'b'Syntax errors in line 1\n''
Expected : 'b'Type violation in line 6\n''
Run './parser /homes/cs352/Spring23/Grading/tarindu/p2test/tests/testcases/type/MethodDeclRedefinition.java'
[91m[ FAIL ][0m MethodDeclTooFewArgs
Got error: 'b'Syntax errors in line 1\n''
Expected : 'b'Type violation in line 6\n''
Run './parser /homes/cs352/Spring23/Grading/tarindu/p2test/tests/testcases/type/MethodDeclTooFewArgs.java'
[91m[ FAIL ][0m StatementAssignBadLValue
Got error: 'b'Syntax errors in line 1\n''
Expected : 'b'Type violation in line 7\n''
Run './parser /homes/cs352/Spring23/Grading/tarindu/p2test/tests/testcases/type/StatementAssignBadLValue.java'
[91m[ FAIL ][0m UnaryExprNotEvalBool
Got error: 'b'Syntax errors in line 1\n''
Expected : 'b'Type violation in line 5\n''
Run './parser /homes/cs352/Spring23/Grading/tarindu/p2test/tests/testcases/type/UnaryExprNotEvalBool.java'
[91m[ FAIL ][0m NewExprBoolInNew
Got error: 'b'Syntax errors in line 1\n''
Expected : 'b'Type violation in line 5\n''
Run './parser /homes/cs352/Spring23/Grading/tarindu/p2test/tests/testcases/type/NewExprBoolInNew.java'
[91m[ FAIL ][0m StaticVarDeclRedefinition
Got error: 'b'Syntax errors in line 1\n''
Expected : 'b'Type violation in line 6\n''
Run './parser /homes/cs352/Spring23/Grading/tarindu/p2test/tests/testcases/type/StaticVarDeclRedefinition.java'
[91m[ FAIL ][0m NewExprArrayInNew
Got error: 'b'Syntax errors in line 1\n''
Expected : 'b'Type violation in line 5\n''
Run './parser /homes/cs352/Spring23/Grading/tarindu/p2test/tests/testcases/type/NewExprArrayInNew.java'
[91m[ FAIL ][0m LValExprTooManyBrackets
Got error: 'b'Syntax errors in line 1\n''
Expected : 'b'Type violation in line 6\n''
Run './parser /homes/cs352/Spring23/Grading/tarindu/p2test/tests/testcases/type/LValExprTooManyBrackets.java'
[91m[ FAIL ][0m MultipleErrorsStaticVars
Got error: 'b'Syntax errors in line 1\n''
Expected : 'b'Type violation in line 8\nType violation in line 9\n''
Run './parser /homes/cs352/Spring23/Grading/tarindu/p2test/tests/testcases/type/MultipleErrorsStaticVars.java'
[91m[ FAIL ][0m StatementAssignBadExpr
Got error: 'b'Syntax errors in line 1\n''
Expected : 'b'Type violation in line 9\n''
Run './parser /homes/cs352/Spring23/Grading/tarindu/p2test/tests/testcases/type/StatementAssignBadExpr.java'
[91m[ FAIL ][0m StatementAssignBadLValue2
Got error: 'b'Syntax errors in line 1\n''
Expected : 'b'Type Violation in Line 6\n''
Run './parser /homes/cs352/Spring23/Grading/tarindu/p2test/tests/testcases/type/StatementAssignBadLValue2.java'
[91m[ FAIL ][0m MethodDeclAssignIntToBool
Got error: 'b'Syntax errors in line 1\n''
Expected : 'b'Type Violation in Line 5\n''
Run './parser /homes/cs352/Spring23/Grading/tarindu/p2test/tests/testcases/type/MethodDeclAssignIntToBool.java'
[91m[ FAIL ][0m StatementConditionalRecurseError
Got error: 'b'Syntax errors in line 1\n''
Expected : 'b'Type violation in line 7\n''
Run './parser /homes/cs352/Spring23/Grading/tarindu/p2test/tests/testcases/type/StatementConditionalRecurseError.java'
[91m[ FAIL ][0m UnaryExprLength
Got error: 'b'Syntax errors in line 1\n''
Expected : 'b'Type violation in line 6\n''
Run './parser /homes/cs352/Spring23/Grading/tarindu/p2test/tests/testcases/type/UnaryExprLength.java'
[91m[ FAIL ][0m UnaryExprUnaryString
Got error: 'b'Syntax errors in line 1\n''
Expected : 'b'Type violation in line 5\n''
Run './parser /homes/cs352/Spring23/Grading/tarindu/p2test/tests/testcases/type/UnaryExprUnaryString.java'
[91m[ FAIL ][0m StatementConditionalWhile.NotBoolCond
Got error: 'b'Syntax errors in line 1\n''
Expected : 'b'Type violation in line 6\n''
Run './parser /homes/cs352/Spring23/Grading/tarindu/p2test/tests/testcases/type/StatementConditionalWhile.NotBoolCond.java'
[91m[ FAIL ][0m BinaryExprArrayInOp
Got error: 'b'Syntax errors in line 1\n''
Expected : 'b'Type violation in line 7\n''
Run './parser /homes/cs352/Spring23/Grading/tarindu/p2test/tests/testcases/type/BinaryExprArrayInOp.java'
[91m[ FAIL ][0m StatementConditionalIf.NotBoolCond
Got error: 'b'Syntax errors in line 1\n''
Expected : 'b'Type violation in line 6\n''
Run './parser /homes/cs352/Spring23/Grading/tarindu/p2test/tests/testcases/type/StatementConditionalIf.NotBoolCond.java'
[91m[ FAIL ][0m UnaryExprNotInt
Got error: 'b'Syntax errors in line 1\n''
Expected : 'b'Type violation in line 5\n''
Run './parser /homes/cs352/Spring23/Grading/tarindu/p2test/tests/testcases/type/UnaryExprNotInt.java'"
singh726,2023-03-08,20:11:36,49.0,37.0,"[92m[ PASS ][0m NoMain
[92m[ PASS ][0m NestedIf
[92m[ PASS ][0m TwoClasses
[92m[ PASS ][0m NewMain
[91m[ FAIL ][0m MultipleErrorsCombined
Got error: 'b'Type violation in line 14\nType violation in line 15\n''
Expected : 'b'Type violation in line 14\nType violation in line 15\nType violation in line 16\nType violation in line 17\nType violation in line 18\n''
Run './parser /homes/cs352/Spring23/Grading/tarindu/p2test/tests/testcases/type/MultipleErrorsCombined.java'
[91m[ FAIL ][0m MultipleErrorsDoubleDecl
Got error: 'b'''
Expected : 'b'Type violation in line 9\nType violation in line 10\n''
Run './parser /homes/cs352/Spring23/Grading/tarindu/p2test/tests/testcases/type/MultipleErrorsDoubleDecl.java'
[92m[ PASS ][0m StatementScopeRedefineSym
[92m[ PASS ][0m LiteralExprIntToArray
[91m[ FAIL ][0m StatementReturnWrongType
Got error: 'b'''
Expected : 'b'Type violation in line 6\n''
Run './parser /homes/cs352/Spring23/Grading/tarindu/p2test/tests/testcases/type/StatementReturnWrongType.java'
[92m[ PASS ][0m UnaryExprUnaryBool
[91m[ FAIL ][0m StatementMethodCallWrongTypes
Got error: 'b'Syntax errors in line 7\n''
Expected : 'b'Type Violation in Line 7\n''
Run './parser /homes/cs352/Spring23/Grading/tarindu/p2test/tests/testcases/type/StatementMethodCallWrongTypes.java'
[91m[ FAIL ][0m StatementVarDeclCheckArgs
Got error: 'b'''
Expected : 'b'Type violation in line 6\n''
Run './parser /homes/cs352/Spring23/Grading/tarindu/p2test/tests/testcases/type/StatementVarDeclCheckArgs.java'
[92m[ PASS ][0m LValExprDiffType
[92m[ PASS ][0m ParseIntNotString
[92m[ PASS ][0m MethodDeclWrongType
[92m[ PASS ][0m StatementVarDeclRedefinition
[92m[ PASS ][0m StatementScopeRedefinition
[92m[ PASS ][0m BinaryExprLogicalToBool
[91m[ FAIL ][0m StaticVarDeclTypeStillRequired
Got error: 'b'''
Expected : 'b'Type violation in line 5\n''
Run './parser /homes/cs352/Spring23/Grading/tarindu/p2test/tests/testcases/type/StaticVarDeclTypeStillRequired.java'
[92m[ PASS ][0m NewExprDifferentNewType
[92m[ PASS ][0m BinaryExprIntInBool
[92m[ PASS ][0m BinaryExprInvalidOperand
[92m[ PASS ][0m LiteralExprBoolToInt
[91m[ FAIL ][0m StatementPrintBadExpr2
Got error: 'b'''
Expected : 'b'Type violation in line 6\n''
Run './parser /homes/cs352/Spring23/Grading/tarindu/p2test/tests/testcases/type/StatementPrintBadExpr2.java'
[91m[ FAIL ][0m MultipleErrorsVarDecl
Got error: 'b'Type violation in line 20\nType violation in line 21\nType violation in line 21\n''
Expected : 'b'Type violation in line 19\nType violation in line 20\nType violation in line 21\nType violation in line 21\nType violation in line 21\n''
Run './parser /homes/cs352/Spring23/Grading/tarindu/p2test/tests/testcases/type/MultipleErrorsVarDecl.java'
[92m[ PASS ][0m MethodDeclBadReturnType
[92m[ PASS ][0m StatementAssignWrongTypes
[92m[ PASS ][0m MethodDeclAssignMethod2
[91m[ FAIL ][0m StatementPrintBadExpr
Got error: 'b'''
Expected : 'b'Type violation in line 8\n''
Run './parser /homes/cs352/Spring23/Grading/tarindu/p2test/tests/testcases/type/StatementPrintBadExpr.java'
[92m[ PASS ][0m MethodDeclBadExprInCall
[92m[ PASS ][0m MethodDeclAssignMethod
[92m[ PASS ][0m MethodDeclRedefinition
[92m[ PASS ][0m MethodDeclTooFewArgs
[92m[ PASS ][0m StatementAssignBadLValue
[92m[ PASS ][0m UnaryExprNotEvalBool
[92m[ PASS ][0m NewExprBoolInNew
[92m[ PASS ][0m StaticVarDeclRedefinition
[92m[ PASS ][0m NewExprArrayInNew
[92m[ PASS ][0m LValExprTooManyBrackets
[92m[ PASS ][0m MultipleErrorsStaticVars
[91m[ FAIL ][0m StatementAssignBadExpr
Got error: 'b'Type violation in line 9\nType violation in line 9\n''
Expected : 'b'Type violation in line 9\n''
Run './parser /homes/cs352/Spring23/Grading/tarindu/p2test/tests/testcases/type/StatementAssignBadExpr.java'
[91m[ FAIL ][0m StatementAssignBadLValue2
Got error: 'b'''
Expected : 'b'Type Violation in Line 6\n''
Run './parser /homes/cs352/Spring23/Grading/tarindu/p2test/tests/testcases/type/StatementAssignBadLValue2.java'
[92m[ PASS ][0m MethodDeclAssignIntToBool
[92m[ PASS ][0m StatementConditionalRecurseError
[92m[ PASS ][0m UnaryExprLength
[92m[ PASS ][0m UnaryExprUnaryString
[91m[ FAIL ][0m StatementConditionalWhile.NotBoolCond
Got error: 'b'''
Expected : 'b'Type violation in line 6\n''
Run './parser /homes/cs352/Spring23/Grading/tarindu/p2test/tests/testcases/type/StatementConditionalWhile.NotBoolCond.java'
[92m[ PASS ][0m BinaryExprArrayInOp
[91m[ FAIL ][0m StatementConditionalIf.NotBoolCond
Got error: 'b'''
Expected : 'b'Type violation in line 6\n''
Run './parser /homes/cs352/Spring23/Grading/tarindu/p2test/tests/testcases/type/StatementConditionalIf.NotBoolCond.java'
[92m[ PASS ][0m UnaryExprNotInt"
skharban,2023-03-13,23:24:21,50.0,33.0,"[92m[ PASS ][0m NoMain
[92m[ PASS ][0m NestedIf
[92m[ PASS ][0m TwoClasses
[92m[ PASS ][0m NewMain
[91m[ FAIL ][0m MultipleErrorsCombined
Got error: 'b'Type violation in line 14\nType violation in line 15\n''
Expected : 'b'Type violation in line 14\nType violation in line 15\nType violation in line 16\nType violation in line 17\nType violation in line 18\n''
Run './parser /homes/cs352/Spring23/Grading/tarindu/p2test/tests/testcases/type/MultipleErrorsCombined.java'
[91m[ FAIL ][0m MultipleErrorsDoubleDecl
Got error: 'b'''
Expected : 'b'Type violation in line 9\nType violation in line 10\n''
Run './parser /homes/cs352/Spring23/Grading/tarindu/p2test/tests/testcases/type/MultipleErrorsDoubleDecl.java'
[91m[ FAIL ][0m StatementScopeRedefineSym
Got error: 'b'''
Expected : 'b'Type violation in line 9\n''
Run './parser /homes/cs352/Spring23/Grading/tarindu/p2test/tests/testcases/type/StatementScopeRedefineSym.java'
[91m[ FAIL ][0m LiteralExprIntToArray
Got error: 'b'''
Expected : 'b'Type violation in line 4\n''
Run './parser /homes/cs352/Spring23/Grading/tarindu/p2test/tests/testcases/type/LiteralExprIntToArray.java'
[91m[ FAIL ][0m StatementReturnWrongType
Got error: 'b'''
Expected : 'b'Type violation in line 6\n''
Run './parser /homes/cs352/Spring23/Grading/tarindu/p2test/tests/testcases/type/StatementReturnWrongType.java'
[92m[ PASS ][0m UnaryExprUnaryBool
[91m[ FAIL ][0m StatementMethodCallWrongTypes
Got error: 'b'''
Expected : 'b'Type Violation in Line 7\n''
Run './parser /homes/cs352/Spring23/Grading/tarindu/p2test/tests/testcases/type/StatementMethodCallWrongTypes.java'
[91m[ FAIL ][0m StatementVarDeclCheckArgs
Got error: 'b'''
Expected : 'b'Type violation in line 6\n''
Run './parser /homes/cs352/Spring23/Grading/tarindu/p2test/tests/testcases/type/StatementVarDeclCheckArgs.java'
[91m[ FAIL ][0m LValExprDiffType
Type violation in line 14 
Type violation in line 15 
Type violation in line 16 
Type violation in line 17 
Type violation in line 18 
Type violation in line 9 
Type violation in line 10 
Type violation in line 9 
Type violation in line 4 
Type violation in line 5 
Type violation in line 6 
Type violation in line 6 
Type violation in line 6 
Type violation in line 5 
Type violation in line 7 
Type violation in line 8 
Type violation in line 5 
Type violation in line 7 
Type violation in line 6 
Type violation in line 5 
Type violation in line 6 
Type violation in line 19 
Type violation in line 20 
Got error: 'b'Type violation in line 5\nType violation in line 6\n''
Expected : 'b'Type violation in line 6\n''
Run './parser /homes/cs352/Spring23/Grading/tarindu/p2test/tests/testcases/type/LValExprDiffType.java'
[92m[ PASS ][0m ParseIntNotString
[92m[ PASS ][0m MethodDeclWrongType
[91m[ FAIL ][0m StatementVarDeclRedefinition
Got error: 'b'''
Expected : 'b'Type violation in line 7\n''
Run './parser /homes/cs352/Spring23/Grading/tarindu/p2test/tests/testcases/type/StatementVarDeclRedefinition.java'
[91m[ FAIL ][0m StatementScopeRedefinition
Got error: 'b'''
Expected : 'b'Type violation in line 8\n''
Run './parser /homes/cs352/Spring23/Grading/tarindu/p2test/tests/testcases/type/StatementScopeRedefinition.java'
[92m[ PASS ][0m BinaryExprLogicalToBool
[91m[ FAIL ][0m StaticVarDeclTypeStillRequired
Got error: 'b'''
Expected : 'b'Type violation in line 5\n''
Run './parser /homes/cs352/Spring23/Grading/tarindu/p2test/tests/testcases/type/StaticVarDeclTypeStillRequired.java'
[92m[ PASS ][0m NewExprDifferentNewType
[92m[ PASS ][0m BinaryExprIntInBool
[92m[ PASS ][0m BinaryExprInvalidOperand
[92m[ PASS ][0m LiteralExprBoolToInt
[92m[ PASS ][0m StatementPrintBadExpr2
[91m[ FAIL ][0m MultipleErrorsVarDecl
Got error: 'b'Type violation in line 19\nType violation in line 21\n''
Expected : 'b'Type violation in line 19\nType violation in line 20\nType violation in line 21\nType violation in line 21\nType violation in line 21\n''
Run './parser /homes/cs352/Spring23/Grading/tarindu/p2test/tests/testcases/type/MultipleErrorsVarDecl.java'
[92m[ PASS ][0m MethodDeclBadReturnType
[92m[ PASS ][0m StatementAssignWrongTypes
[92m[ PASS ][0m MethodDeclAssignMethod2
[91m[ FAIL ][0m StatementPrintBadExpr
Got error: 'b'''
Expected : 'b'Type violation in line 8\n''
Run './parser /homes/cs352/Spring23/Grading/tarindu/p2test/tests/testcases/type/StatementPrintBadExpr.java'
[92m[ PASS ][0m MethodDeclBadExprInCall
[92m[ PASS ][0m MethodDeclAssignMethod
[91m[ FAIL ][0m MethodDeclRedefinition
Got error: 'b'''
Expected : 'b'Type violation in line 6\n''
Run './parser /homes/cs352/Spring23/Grading/tarindu/p2test/tests/testcases/type/MethodDeclRedefinition.java'
[92m[ PASS ][0m MethodDeclTooFewArgs
[92m[ PASS ][0m StatementAssignBadLValue
[92m[ PASS ][0m UnaryExprNotEvalBool
[92m[ PASS ][0m NewExprBoolInNew
[91m[ FAIL ][0m StaticVarDeclRedefinition
Got error: 'b'''
Expected : 'b'Type violation in line 6\n''
Run './parser /homes/cs352/Spring23/Grading/tarindu/p2test/tests/testcases/type/StaticVarDeclRedefinition.java'
[92m[ PASS ][0m NewExprArrayInNew
[91m[ FAIL ][0m LValExprTooManyBrackets
Got error: 'b'Type violation in line 5\nType violation in line 6\n''
Expected : 'b'Type violation in line 6\n''
Run './parser /homes/cs352/Spring23/Grading/tarindu/p2test/tests/testcases/type/LValExprTooManyBrackets.java'
[92m[ PASS ][0m MultipleErrorsStaticVars
[92m[ PASS ][0m StatementAssignBadExpr
[92m[ PASS ][0m StatementAssignBadLValue2
[92m[ PASS ][0m MethodDeclAssignIntToBool
[92m[ PASS ][0m StatementConditionalRecurseError
[91m[ FAIL ][0m UnaryExprLength
Got error: 'b'Type violation in line 5\nType violation in line 6\n''
Expected : 'b'Type violation in line 6\n''
Run './parser /homes/cs352/Spring23/Grading/tarindu/p2test/tests/testcases/type/UnaryExprLength.java'
[92m[ PASS ][0m UnaryExprUnaryString
[92m[ PASS ][0m StatementConditionalWhile.NotBoolCond
[92m[ PASS ][0m BinaryExprArrayInOp
[92m[ PASS ][0m StatementConditionalIf.NotBoolCond
[92m[ PASS ][0m UnaryExprNotInt"
sun1017,2023-03-13,22:55:02,50.0,40.0,"[92m[ PASS ][0m NoMain
[92m[ PASS ][0m NestedIf
[92m[ PASS ][0m TwoClasses
[92m[ PASS ][0m NewMain
[91m[ FAIL ][0m MultipleErrorsCombined
Got error: 'b'Type Violation in Line 16\nType Violation in Line 17\nType Violation in Line 18\nType Violation in Line 14\nType Violation in Line 15\n''
Expected : 'b'Type violation in line 14\nType violation in line 15\nType violation in line 16\nType violation in line 17\nType violation in line 18\n''
Run './parser /homes/cs352/Spring23/Grading/tarindu/p2test/tests/testcases/type/MultipleErrorsCombined.java'
[92m[ PASS ][0m MultipleErrorsDoubleDecl
[92m[ PASS ][0m StatementScopeRedefineSym
[92m[ PASS ][0m LiteralExprIntToArray
[91m[ FAIL ][0m StatementReturnWrongType
Got error: 'b'''
Expected : 'b'Type violation in line 6\n''
Run './parser /homes/cs352/Spring23/Grading/tarindu/p2test/tests/testcases/type/StatementReturnWrongType.java'
[92m[ PASS ][0m UnaryExprUnaryBool
[92m[ PASS ][0m StatementMethodCallWrongTypes
[91m[ FAIL ][0m StatementVarDeclCheckArgs
Got error: 'b'''
Expected : 'b'Type violation in line 6\n''
Run './parser /homes/cs352/Spring23/Grading/tarindu/p2test/tests/testcases/type/StatementVarDeclCheckArgs.java'
[92m[ PASS ][0m LValExprDiffType
[92m[ PASS ][0m ParseIntNotString
[92m[ PASS ][0m MethodDeclWrongType
[92m[ PASS ][0m StatementVarDeclRedefinition
[92m[ PASS ][0m StatementScopeRedefinition
[92m[ PASS ][0m BinaryExprLogicalToBool
[91m[ FAIL ][0m StaticVarDeclTypeStillRequired
Got error: 'b'''
Expected : 'b'Type violation in line 5\n''
Run './parser /homes/cs352/Spring23/Grading/tarindu/p2test/tests/testcases/type/StaticVarDeclTypeStillRequired.java'
[92m[ PASS ][0m NewExprDifferentNewType
[92m[ PASS ][0m BinaryExprIntInBool
[92m[ PASS ][0m BinaryExprInvalidOperand
[92m[ PASS ][0m LiteralExprBoolToInt
[91m[ FAIL ][0m StatementPrintBadExpr2
Got error: 'b'''
Expected : 'b'Type violation in line 6\n''
Run './parser /homes/cs352/Spring23/Grading/tarindu/p2test/tests/testcases/type/StatementPrintBadExpr2.java'
[91m[ FAIL ][0m MultipleErrorsVarDecl
Got error: 'b'Type Violation in Line 20\nType Violation in Line 19\nType Violation in Line 21\nType Violation in Line 21\n''
Expected : 'b'Type violation in line 19\nType violation in line 20\nType violation in line 21\nType violation in line 21\nType violation in line 21\n''
Run './parser /homes/cs352/Spring23/Grading/tarindu/p2test/tests/testcases/type/MultipleErrorsVarDecl.java'
[91m[ FAIL ][0m MethodDeclBadReturnType
Got error: 'b'''
Expected : 'b'Type violation in line 5\n''
Run './parser /homes/cs352/Spring23/Grading/tarindu/p2test/tests/testcases/type/MethodDeclBadReturnType.java'
[92m[ PASS ][0m StatementAssignWrongTypes
[92m[ PASS ][0m MethodDeclAssignMethod2
[92m[ PASS ][0m StatementPrintBadExpr
[91m[ FAIL ][0m MethodDeclBadExprInCall
Got error: 'b'''
Expected : 'b'Type violation in line 8\n''
Run './parser /homes/cs352/Spring23/Grading/tarindu/p2test/tests/testcases/type/MethodDeclBadExprInCall.java'
[92m[ PASS ][0m MethodDeclAssignMethod
[91m[ FAIL ][0m MethodDeclRedefinition
Got error: 'b'''
Expected : 'b'Type violation in line 6\n''
Run './parser /homes/cs352/Spring23/Grading/tarindu/p2test/tests/testcases/type/MethodDeclRedefinition.java'
[92m[ PASS ][0m MethodDeclTooFewArgs
[92m[ PASS ][0m StatementAssignBadLValue
[92m[ PASS ][0m UnaryExprNotEvalBool
[92m[ PASS ][0m NewExprBoolInNew
[92m[ PASS ][0m StaticVarDeclRedefinition
[92m[ PASS ][0m NewExprArrayInNew
[92m[ PASS ][0m LValExprTooManyBrackets
[92m[ PASS ][0m MultipleErrorsStaticVars
[92m[ PASS ][0m StatementAssignBadExpr
[92m[ PASS ][0m StatementAssignBadLValue2
[91m[ FAIL ][0m MethodDeclAssignIntToBool
Got error: 'b'''
Expected : 'b'Type Violation in Line 5\n''
Run './parser /homes/cs352/Spring23/Grading/tarindu/p2test/tests/testcases/type/MethodDeclAssignIntToBool.java'
[92m[ PASS ][0m StatementConditionalRecurseError
[92m[ PASS ][0m UnaryExprLength
[92m[ PASS ][0m UnaryExprUnaryString
[92m[ PASS ][0m StatementConditionalWhile.NotBoolCond
[92m[ PASS ][0m BinaryExprArrayInOp
[92m[ PASS ][0m StatementConditionalIf.NotBoolCond
[92m[ PASS ][0m UnaryExprNotInt"
szapodea,2023-03-14,19:33:17,50.0,43.0,"[92m[ PASS ][0m NoMain
[92m[ PASS ][0m NestedIf
[92m[ PASS ][0m TwoClasses
[92m[ PASS ][0m NewMain
[92m[ PASS ][0m MultipleErrorsCombined
[92m[ PASS ][0m MultipleErrorsDoubleDecl
[92m[ PASS ][0m StatementScopeRedefineSym
[92m[ PASS ][0m LiteralExprIntToArray
[92m[ PASS ][0m StatementReturnWrongType
[92m[ PASS ][0m UnaryExprUnaryBool
[92m[ PASS ][0m StatementMethodCallWrongTypes
[91m[ FAIL ][0m StatementVarDeclCheckArgs
Got error: 'b'''
Expected : 'b'Type violation in line 6\n''
Run './parser /homes/cs352/Spring23/Grading/tarindu/p2test/tests/testcases/type/StatementVarDeclCheckArgs.java'
[91m[ FAIL ][0m LValExprDiffType
Got error: 'b'Type Violation in line 6\nType Violation in line 6\n''
Expected : 'b'Type violation in line 6\n''
Run './parser /homes/cs352/Spring23/Grading/tarindu/p2test/tests/testcases/type/LValExprDiffType.java'
[92m[ PASS ][0m ParseIntNotString
[92m[ PASS ][0m MethodDeclWrongType
[92m[ PASS ][0m StatementVarDeclRedefinition
[92m[ PASS ][0m StatementScopeRedefinition
[92m[ PASS ][0m BinaryExprLogicalToBool
[92m[ PASS ][0m StaticVarDeclTypeStillRequired
[92m[ PASS ][0m NewExprDifferentNewType
[92m[ PASS ][0m BinaryExprIntInBool
[92m[ PASS ][0m BinaryExprInvalidOperand
[92m[ PASS ][0m LiteralExprBoolToInt
[92m[ PASS ][0m StatementPrintBadExpr2
[91m[ FAIL ][0m MultipleErrorsVarDecl
Got error: 'b'Type Violation in line 19\nType Violation in line 20\nType Violation in line 21\nType Violation in line 21\n''
Expected : 'b'Type violation in line 19\nType violation in line 20\nType violation in line 21\nType violation in line 21\nType violation in line 21\n''
Run './parser /homes/cs352/Spring23/Grading/tarindu/p2test/tests/testcases/type/MultipleErrorsVarDecl.java'
[92m[ PASS ][0m MethodDeclBadReturnType
[92m[ PASS ][0m StatementAssignWrongTypes
[92m[ PASS ][0m MethodDeclAssignMethod2
[92m[ PASS ][0m StatementPrintBadExpr
[91m[ FAIL ][0m MethodDeclBadExprInCall
Got error: 'b'Type Violation in line 8\nType Violation in line 8\n''
Expected : 'b'Type violation in line 8\n''
Run './parser /homes/cs352/Spring23/Grading/tarindu/p2test/tests/testcases/type/MethodDeclBadExprInCall.java'
[92m[ PASS ][0m MethodDeclAssignMethod
[92m[ PASS ][0m MethodDeclRedefinition
[92m[ PASS ][0m MethodDeclTooFewArgs
[92m[ PASS ][0m StatementAssignBadLValue
[91m[ FAIL ][0m UnaryExprNotEvalBool
Got error: 'b'''
Expected : 'b'Type violation in line 5\n''
Run './parser /homes/cs352/Spring23/Grading/tarindu/p2test/tests/testcases/type/UnaryExprNotEvalBool.java'
[92m[ PASS ][0m NewExprBoolInNew
[92m[ PASS ][0m StaticVarDeclRedefinition
[92m[ PASS ][0m NewExprArrayInNew
[92m[ PASS ][0m LValExprTooManyBrackets
[92m[ PASS ][0m MultipleErrorsStaticVars
[91m[ FAIL ][0m StatementAssignBadExpr
Got error: 'b'Type Violation in line 9\nType Violation in line 9\n''
Expected : 'b'Type violation in line 9\n''
Run './parser /homes/cs352/Spring23/Grading/tarindu/p2test/tests/testcases/type/StatementAssignBadExpr.java'
[91m[ FAIL ][0m StatementAssignBadLValue2
Got error: 'b'Type Violation in line 6\nType Violation in line 6\n''
Expected : 'b'Type Violation in Line 6\n''
Run './parser /homes/cs352/Spring23/Grading/tarindu/p2test/tests/testcases/type/StatementAssignBadLValue2.java'
[92m[ PASS ][0m MethodDeclAssignIntToBool
[92m[ PASS ][0m StatementConditionalRecurseError
[92m[ PASS ][0m UnaryExprLength
[92m[ PASS ][0m UnaryExprUnaryString
[92m[ PASS ][0m StatementConditionalWhile.NotBoolCond
[92m[ PASS ][0m BinaryExprArrayInOp
[92m[ PASS ][0m StatementConditionalIf.NotBoolCond
[92m[ PASS ][0m UnaryExprNotInt"
tmattil,2023-03-13,23:34:33,49.0,43.0,"[92m[ PASS ][0m NoMain
[92m[ PASS ][0m NestedIf
[92m[ PASS ][0m TwoClasses
[92m[ PASS ][0m NewMain
[91m[ FAIL ][0m MultipleErrorsCombined
Got error: 'b'Type Violation in Line 14\nType Violation in Line 15\nType Violation in Line 17\nType Violation in Line 18\n''
Expected : 'b'Type violation in line 14\nType violation in line 15\nType violation in line 16\nType violation in line 17\nType violation in line 18\n''
Run './parser /homes/cs352/Spring23/Grading/tarindu/p2test/tests/testcases/type/MultipleErrorsCombined.java'
[92m[ PASS ][0m MultipleErrorsDoubleDecl
[92m[ PASS ][0m StatementScopeRedefineSym
[92m[ PASS ][0m LiteralExprIntToArray
[91m[ FAIL ][0m StatementReturnWrongType
Got error: 'b'''
Expected : 'b'Type violation in line 6\n''
Run './parser /homes/cs352/Spring23/Grading/tarindu/p2test/tests/testcases/type/StatementReturnWrongType.java'
[92m[ PASS ][0m UnaryExprUnaryBool
[92m[ PASS ][0m StatementMethodCallWrongTypes
[92m[ PASS ][0m StatementVarDeclCheckArgs
[92m[ PASS ][0m LValExprDiffType
[91m[ FAIL ][0m ParseIntNotString
Got error: 'b'Syntax errors in line 6\n''
Expected : 'b'Type violation in line 6\n''
Run './parser /homes/cs352/Spring23/Grading/tarindu/p2test/tests/testcases/type/ParseIntNotString.java'
[92m[ PASS ][0m MethodDeclWrongType
[92m[ PASS ][0m StatementVarDeclRedefinition
[92m[ PASS ][0m StatementScopeRedefinition
[92m[ PASS ][0m BinaryExprLogicalToBool
[92m[ PASS ][0m StaticVarDeclTypeStillRequired
[92m[ PASS ][0m NewExprDifferentNewType
[92m[ PASS ][0m BinaryExprIntInBool
[92m[ PASS ][0m BinaryExprInvalidOperand
[92m[ PASS ][0m LiteralExprBoolToInt
[92m[ PASS ][0m StatementPrintBadExpr2
[91m[ FAIL ][0m MultipleErrorsVarDecl
Got error: 'b'Type Violation in Line 19\nType Violation in Line 21\nType Violation in Line 21\n''
Expected : 'b'Type violation in line 19\nType violation in line 20\nType violation in line 21\nType violation in line 21\nType violation in line 21\n''
Run './parser /homes/cs352/Spring23/Grading/tarindu/p2test/tests/testcases/type/MultipleErrorsVarDecl.java'
[92m[ PASS ][0m MethodDeclBadReturnType
[92m[ PASS ][0m StatementAssignWrongTypes
[91m[ FAIL ][0m MethodDeclAssignMethod2
Got error: 'b'''
Expected : 'b'Type violation in line 5\n''
Run './parser /homes/cs352/Spring23/Grading/tarindu/p2test/tests/testcases/type/MethodDeclAssignMethod2.java'
[92m[ PASS ][0m StatementPrintBadExpr
[92m[ PASS ][0m MethodDeclBadExprInCall
[91m[ FAIL ][0m MethodDeclAssignMethod
Got error: 'b'''
Expected : 'b'Type violation in line 5\n''
Run './parser /homes/cs352/Spring23/Grading/tarindu/p2test/tests/testcases/type/MethodDeclAssignMethod.java'
[91m[ FAIL ][0m MethodDeclRedefinition
Got error: 'b'''
Expected : 'b'Type violation in line 6\n''
Run './parser /homes/cs352/Spring23/Grading/tarindu/p2test/tests/testcases/type/MethodDeclRedefinition.java'
[92m[ PASS ][0m MethodDeclTooFewArgs
[92m[ PASS ][0m StatementAssignBadLValue
[92m[ PASS ][0m UnaryExprNotEvalBool
[92m[ PASS ][0m NewExprBoolInNew
[92m[ PASS ][0m StaticVarDeclRedefinition
[92m[ PASS ][0m NewExprArrayInNew
[92m[ PASS ][0m LValExprTooManyBrackets
[92m[ PASS ][0m MultipleErrorsStaticVars
[92m[ PASS ][0m StatementAssignBadExpr
[92m[ PASS ][0m StatementAssignBadLValue2
[92m[ PASS ][0m MethodDeclAssignIntToBool
[92m[ PASS ][0m StatementConditionalRecurseError
[92m[ PASS ][0m UnaryExprLength
[92m[ PASS ][0m UnaryExprUnaryString
[92m[ PASS ][0m StatementConditionalWhile.NotBoolCond
[92m[ PASS ][0m BinaryExprArrayInOp
[92m[ PASS ][0m StatementConditionalIf.NotBoolCond
[92m[ PASS ][0m UnaryExprNotInt"
upadhya4,2023-03-12,18:59:55,49.0,24.0,"[92m[ PASS ][0m NoMain
[92m[ PASS ][0m NestedIf
[92m[ PASS ][0m TwoClasses
[92m[ PASS ][0m NewMain
[91m[ FAIL ][0m MultipleErrorsCombined
Got error: 'b'Type Violation in Line 14\nType Violation in Line 15\nType Violation in Line 17\nType Violation in Line 18\n''
Expected : 'b'Type violation in line 14\nType violation in line 15\nType violation in line 16\nType violation in line 17\nType violation in line 18\n''
Run './parser /homes/cs352/Spring23/Grading/tarindu/p2test/tests/testcases/type/MultipleErrorsCombined.java'
[92m[ PASS ][0m MultipleErrorsDoubleDecl
[91m[ FAIL ][0m StatementScopeRedefineSym
Got error: 'b'''
Expected : 'b'Type violation in line 9\n''
Run './parser /homes/cs352/Spring23/Grading/tarindu/p2test/tests/testcases/type/StatementScopeRedefineSym.java'
[91m[ FAIL ][0m LiteralExprIntToArray
Got error: 'b'''
Expected : 'b'Type violation in line 4\n''
Run './parser /homes/cs352/Spring23/Grading/tarindu/p2test/tests/testcases/type/LiteralExprIntToArray.java'
[91m[ FAIL ][0m StatementReturnWrongType
Got error: 'b'''
Expected : 'b'Type violation in line 6\n''
Run './parser /homes/cs352/Spring23/Grading/tarindu/p2test/tests/testcases/type/StatementReturnWrongType.java'
[92m[ PASS ][0m UnaryExprUnaryBool
[91m[ FAIL ][0m StatementMethodCallWrongTypes
Got error: 'b'''
Expected : 'b'Type Violation in Line 7\n''
Run './parser /homes/cs352/Spring23/Grading/tarindu/p2test/tests/testcases/type/StatementMethodCallWrongTypes.java'
[91m[ FAIL ][0m StatementVarDeclCheckArgs
Got error: 'b'''
Expected : 'b'Type violation in line 6\n''
Run './parser /homes/cs352/Spring23/Grading/tarindu/p2test/tests/testcases/type/StatementVarDeclCheckArgs.java'
[92m[ PASS ][0m LValExprDiffType
[91m[ FAIL ][0m ParseIntNotString
Got error: 'b'Syntax errors in line 6\n''
Expected : 'b'Type violation in line 6\n''
Run './parser /homes/cs352/Spring23/Grading/tarindu/p2test/tests/testcases/type/ParseIntNotString.java'
[92m[ PASS ][0m MethodDeclWrongType
[91m[ FAIL ][0m StatementVarDeclRedefinition
Got error: 'b'''
Expected : 'b'Type violation in line 7\n''
Run './parser /homes/cs352/Spring23/Grading/tarindu/p2test/tests/testcases/type/StatementVarDeclRedefinition.java'
[91m[ FAIL ][0m StatementScopeRedefinition
Got error: 'b'''
Expected : 'b'Type violation in line 8\n''
Run './parser /homes/cs352/Spring23/Grading/tarindu/p2test/tests/testcases/type/StatementScopeRedefinition.java'
[92m[ PASS ][0m BinaryExprLogicalToBool
[91m[ FAIL ][0m StaticVarDeclTypeStillRequired
Got error: 'b'''
Expected : 'b'Type violation in line 5\n''
Run './parser /homes/cs352/Spring23/Grading/tarindu/p2test/tests/testcases/type/StaticVarDeclTypeStillRequired.java'
[92m[ PASS ][0m NewExprDifferentNewType
[92m[ PASS ][0m BinaryExprIntInBool
[91m[ FAIL ][0m BinaryExprInvalidOperand
Got error: 'b'''
Expected : 'b'Type violation in line 6\n''
Run './parser /homes/cs352/Spring23/Grading/tarindu/p2test/tests/testcases/type/BinaryExprInvalidOperand.java'
[92m[ PASS ][0m LiteralExprBoolToInt
[91m[ FAIL ][0m StatementPrintBadExpr2
Got error: 'b'''
Expected : 'b'Type violation in line 6\n''
Run './parser /homes/cs352/Spring23/Grading/tarindu/p2test/tests/testcases/type/StatementPrintBadExpr2.java'
[91m[ FAIL ][0m MultipleErrorsVarDecl
Got error: 'b'''
Expected : 'b'Type violation in line 19\nType violation in line 20\nType violation in line 21\nType violation in line 21\nType violation in line 21\n''
Run './parser /homes/cs352/Spring23/Grading/tarindu/p2test/tests/testcases/type/MultipleErrorsVarDecl.java'
[92m[ PASS ][0m MethodDeclBadReturnType
[91m[ FAIL ][0m StatementAssignWrongTypes
Got error: 'b'''
Expected : 'b'Type violation in line 7\n''
Run './parser /homes/cs352/Spring23/Grading/tarindu/p2test/tests/testcases/type/StatementAssignWrongTypes.java'
[92m[ PASS ][0m MethodDeclAssignMethod2
[91m[ FAIL ][0m StatementPrintBadExpr
Got error: 'b'''
Expected : 'b'Type violation in line 8\n''
Run './parser /homes/cs352/Spring23/Grading/tarindu/p2test/tests/testcases/type/StatementPrintBadExpr.java'
[92m[ PASS ][0m MethodDeclBadExprInCall
[92m[ PASS ][0m MethodDeclAssignMethod
[92m[ PASS ][0m MethodDeclRedefinition
[92m[ PASS ][0m MethodDeclTooFewArgs
[91m[ FAIL ][0m StatementAssignBadLValue
Got error: 'b'''
Expected : 'b'Type violation in line 7\n''
Run './parser /homes/cs352/Spring23/Grading/tarindu/p2test/tests/testcases/type/StatementAssignBadLValue.java'
[92m[ PASS ][0m UnaryExprNotEvalBool
[91m[ FAIL ][0m NewExprBoolInNew
Got error: 'b'''
Expected : 'b'Type violation in line 5\n''
Run './parser /homes/cs352/Spring23/Grading/tarindu/p2test/tests/testcases/type/NewExprBoolInNew.java'
[92m[ PASS ][0m StaticVarDeclRedefinition
[91m[ FAIL ][0m NewExprArrayInNew
Got error: 'b'''
Expected : 'b'Type violation in line 5\n''
Run './parser /homes/cs352/Spring23/Grading/tarindu/p2test/tests/testcases/type/NewExprArrayInNew.java'
[91m[ FAIL ][0m LValExprTooManyBrackets
Got error: 'b'''
Expected : 'b'Type violation in line 6\n''
Run './parser /homes/cs352/Spring23/Grading/tarindu/p2test/tests/testcases/type/LValExprTooManyBrackets.java'
[92m[ PASS ][0m MultipleErrorsStaticVars
[91m[ FAIL ][0m StatementAssignBadExpr
Got error: 'b'''
Expected : 'b'Type violation in line 9\n''
Run './parser /homes/cs352/Spring23/Grading/tarindu/p2test/tests/testcases/type/StatementAssignBadExpr.java'
[91m[ FAIL ][0m StatementAssignBadLValue2
Got error: 'b'''
Expected : 'b'Type Violation in Line 6\n''
Run './parser /homes/cs352/Spring23/Grading/tarindu/p2test/tests/testcases/type/StatementAssignBadLValue2.java'
[92m[ PASS ][0m MethodDeclAssignIntToBool
[91m[ FAIL ][0m StatementConditionalRecurseError
Got error: 'b'''
Expected : 'b'Type violation in line 7\n''
Run './parser /homes/cs352/Spring23/Grading/tarindu/p2test/tests/testcases/type/StatementConditionalRecurseError.java'
[91m[ FAIL ][0m UnaryExprLength
Got error: 'b'''
Expected : 'b'Type violation in line 6\n''
Run './parser /homes/cs352/Spring23/Grading/tarindu/p2test/tests/testcases/type/UnaryExprLength.java'
[92m[ PASS ][0m UnaryExprUnaryString
[91m[ FAIL ][0m StatementConditionalWhile.NotBoolCond
Got error: 'b'''
Expected : 'b'Type violation in line 6\n''
Run './parser /homes/cs352/Spring23/Grading/tarindu/p2test/tests/testcases/type/StatementConditionalWhile.NotBoolCond.java'
[91m[ FAIL ][0m BinaryExprArrayInOp
Got error: 'b'''
Expected : 'b'Type violation in line 7\n''
Run './parser /homes/cs352/Spring23/Grading/tarindu/p2test/tests/testcases/type/BinaryExprArrayInOp.java'
[91m[ FAIL ][0m StatementConditionalIf.NotBoolCond
Got error: 'b'''
Expected : 'b'Type violation in line 6\n''
Run './parser /homes/cs352/Spring23/Grading/tarindu/p2test/tests/testcases/type/StatementConditionalIf.NotBoolCond.java'
[92m[ PASS ][0m UnaryExprNotInt"
verma119,2023-03-12,23:45:23,,,
wangej,2023-03-08,13:37:15,50.0,46.0,"[92m[ PASS ][0m NoMain
[92m[ PASS ][0m NestedIf
[92m[ PASS ][0m TwoClasses
[92m[ PASS ][0m NewMain
[91m[ FAIL ][0m MultipleErrorsCombined
Got error: 'b'Type violation in line 14\nType violation in line 16\nType violation in line 17\nType violation in line 18\n''
Expected : 'b'Type violation in line 14\nType violation in line 15\nType violation in line 16\nType violation in line 17\nType violation in line 18\n''
Run './parser /homes/cs352/Spring23/Grading/tarindu/p2test/tests/testcases/type/MultipleErrorsCombined.java'
[92m[ PASS ][0m MultipleErrorsDoubleDecl
[92m[ PASS ][0m StatementScopeRedefineSym
[92m[ PASS ][0m LiteralExprIntToArray
[92m[ PASS ][0m StatementReturnWrongType
[92m[ PASS ][0m UnaryExprUnaryBool
[92m[ PASS ][0m StatementMethodCallWrongTypes
[92m[ PASS ][0m StatementVarDeclCheckArgs
[92m[ PASS ][0m LValExprDiffType
[92m[ PASS ][0m ParseIntNotString
[92m[ PASS ][0m MethodDeclWrongType
[92m[ PASS ][0m StatementVarDeclRedefinition
[92m[ PASS ][0m StatementScopeRedefinition
[92m[ PASS ][0m BinaryExprLogicalToBool
[92m[ PASS ][0m StaticVarDeclTypeStillRequired
[92m[ PASS ][0m NewExprDifferentNewType
[92m[ PASS ][0m BinaryExprIntInBool
[92m[ PASS ][0m BinaryExprInvalidOperand
[92m[ PASS ][0m LiteralExprBoolToInt
[92m[ PASS ][0m StatementPrintBadExpr2
[91m[ FAIL ][0m MultipleErrorsVarDecl
Got error: 'b'Type violation in line 19\nType violation in line 20\n''
Expected : 'b'Type violation in line 19\nType violation in line 20\nType violation in line 21\nType violation in line 21\nType violation in line 21\n''
Run './parser /homes/cs352/Spring23/Grading/tarindu/p2test/tests/testcases/type/MultipleErrorsVarDecl.java'
[92m[ PASS ][0m MethodDeclBadReturnType
[92m[ PASS ][0m StatementAssignWrongTypes
[92m[ PASS ][0m MethodDeclAssignMethod2
[92m[ PASS ][0m StatementPrintBadExpr
[92m[ PASS ][0m MethodDeclBadExprInCall
[92m[ PASS ][0m MethodDeclAssignMethod
[92m[ PASS ][0m MethodDeclRedefinition
[92m[ PASS ][0m MethodDeclTooFewArgs
[92m[ PASS ][0m StatementAssignBadLValue
[91m[ FAIL ][0m UnaryExprNotEvalBool
Got error: 'b'''
Expected : 'b'Type violation in line 5\n''
Run './parser /homes/cs352/Spring23/Grading/tarindu/p2test/tests/testcases/type/UnaryExprNotEvalBool.java'
[92m[ PASS ][0m NewExprBoolInNew
[92m[ PASS ][0m StaticVarDeclRedefinition
[92m[ PASS ][0m NewExprArrayInNew
[92m[ PASS ][0m LValExprTooManyBrackets
[91m[ FAIL ][0m MultipleErrorsStaticVars
Got error: 'b'Type violation in line 8\n''
Expected : 'b'Type violation in line 8\nType violation in line 9\n''
Run './parser /homes/cs352/Spring23/Grading/tarindu/p2test/tests/testcases/type/MultipleErrorsStaticVars.java'
[92m[ PASS ][0m StatementAssignBadExpr
[92m[ PASS ][0m StatementAssignBadLValue2
[92m[ PASS ][0m MethodDeclAssignIntToBool
[92m[ PASS ][0m StatementConditionalRecurseError
[92m[ PASS ][0m UnaryExprLength
[92m[ PASS ][0m UnaryExprUnaryString
[92m[ PASS ][0m StatementConditionalWhile.NotBoolCond
[92m[ PASS ][0m BinaryExprArrayInOp
[92m[ PASS ][0m StatementConditionalIf.NotBoolCond
[92m[ PASS ][0m UnaryExprNotInt"
wu1542,2023-03-12,20:51:36,50.0,14.0,"[92m[ PASS ][0m NoMain
[92m[ PASS ][0m NestedIf
[92m[ PASS ][0m TwoClasses
[92m[ PASS ][0m NewMain
[91m[ FAIL ][0m MultipleErrorsCombined
Got error: 'b'Type Violation in Line 14Type Violation in Line 15Type Violation in Line 17Type Violation in Line 18''
Expected : 'b'Type violation in line 14\nType violation in line 15\nType violation in line 16\nType violation in line 17\nType violation in line 18\n''
Run './parser /homes/cs352/Spring23/Grading/tarindu/p2test/tests/testcases/type/MultipleErrorsCombined.java'
[91m[ FAIL ][0m MultipleErrorsDoubleDecl
Got error: 'b'Type Violation in Line 9Type Violation in Line 10''
Expected : 'b'Type violation in line 9\nType violation in line 10\n''
Run './parser /homes/cs352/Spring23/Grading/tarindu/p2test/tests/testcases/type/MultipleErrorsDoubleDecl.java'
[91m[ FAIL ][0m StatementScopeRedefineSym
Got error: 'b'''
Expected : 'b'Type violation in line 9\n''
Run './parser /homes/cs352/Spring23/Grading/tarindu/p2test/tests/testcases/type/StatementScopeRedefineSym.java'
[92m[ PASS ][0m LiteralExprIntToArray
[91m[ FAIL ][0m StatementReturnWrongType
Got error: 'b'''
Expected : 'b'Type violation in line 6\n''
Run './parser /homes/cs352/Spring23/Grading/tarindu/p2test/tests/testcases/type/StatementReturnWrongType.java'
[91m[ FAIL ][0m UnaryExprUnaryBool
Got error: 'b'''
Expected : 'b'Type violation in line 5\n''
Run './parser /homes/cs352/Spring23/Grading/tarindu/p2test/tests/testcases/type/UnaryExprUnaryBool.java'
[91m[ FAIL ][0m StatementMethodCallWrongTypes
Got error: 'b'''
Expected : 'b'Type Violation in Line 7\n''
Run './parser /homes/cs352/Spring23/Grading/tarindu/p2test/tests/testcases/type/StatementMethodCallWrongTypes.java'
[91m[ FAIL ][0m StatementVarDeclCheckArgs
Got error: 'b'''
Expected : 'b'Type violation in line 6\n''
Run './parser /homes/cs352/Spring23/Grading/tarindu/p2test/tests/testcases/type/StatementVarDeclCheckArgs.java'
[91m[ FAIL ][0m LValExprDiffType
Got error: 'b'''
Expected : 'b'Type violation in line 6\n''
Run './parser /homes/cs352/Spring23/Grading/tarindu/p2test/tests/testcases/type/LValExprDiffType.java'
[92m[ PASS ][0m ParseIntNotString
[91m[ FAIL ][0m MethodDeclWrongType
Got error: 'b'''
Expected : 'b'Type violation in line 5\n''
Run './parser /homes/cs352/Spring23/Grading/tarindu/p2test/tests/testcases/type/MethodDeclWrongType.java'
[92m[ PASS ][0m StatementVarDeclRedefinition
[91m[ FAIL ][0m StatementScopeRedefinition
Got error: 'b'''
Expected : 'b'Type violation in line 8\n''
Run './parser /homes/cs352/Spring23/Grading/tarindu/p2test/tests/testcases/type/StatementScopeRedefinition.java'
[92m[ PASS ][0m BinaryExprLogicalToBool
[91m[ FAIL ][0m StaticVarDeclTypeStillRequired
Got error: 'b'''
Expected : 'b'Type violation in line 5\n''
Run './parser /homes/cs352/Spring23/Grading/tarindu/p2test/tests/testcases/type/StaticVarDeclTypeStillRequired.java'
[91m[ FAIL ][0m NewExprDifferentNewType
Got error: 'b'''
Expected : 'b'Type violation in line 5\n''
Run './parser /homes/cs352/Spring23/Grading/tarindu/p2test/tests/testcases/type/NewExprDifferentNewType.java'
[92m[ PASS ][0m BinaryExprIntInBool
[92m[ PASS ][0m BinaryExprInvalidOperand
[92m[ PASS ][0m LiteralExprBoolToInt
[91m[ FAIL ][0m StatementPrintBadExpr2
Got error: 'b'''
Expected : 'b'Type violation in line 6\n''
Run './parser /homes/cs352/Spring23/Grading/tarindu/p2test/tests/testcases/type/StatementPrintBadExpr2.java'
[91m[ FAIL ][0m MultipleErrorsVarDecl
Got error: 'b'Type Violation in Line 19''
Expected : 'b'Type violation in line 19\nType violation in line 20\nType violation in line 21\nType violation in line 21\nType violation in line 21\n''
Run './parser /homes/cs352/Spring23/Grading/tarindu/p2test/tests/testcases/type/MultipleErrorsVarDecl.java'
[91m[ FAIL ][0m MethodDeclBadReturnType
Got error: 'b'''
Expected : 'b'Type violation in line 5\n''
Run './parser /homes/cs352/Spring23/Grading/tarindu/p2test/tests/testcases/type/MethodDeclBadReturnType.java'
[91m[ FAIL ][0m StatementAssignWrongTypes
Got error: 'b'''
Expected : 'b'Type violation in line 7\n''
Run './parser /homes/cs352/Spring23/Grading/tarindu/p2test/tests/testcases/type/StatementAssignWrongTypes.java'
[91m[ FAIL ][0m MethodDeclAssignMethod2
Got error: 'b'''
Expected : 'b'Type violation in line 5\n''
Run './parser /homes/cs352/Spring23/Grading/tarindu/p2test/tests/testcases/type/MethodDeclAssignMethod2.java'
[91m[ FAIL ][0m StatementPrintBadExpr
Got error: 'b'''
Expected : 'b'Type violation in line 8\n''
Run './parser /homes/cs352/Spring23/Grading/tarindu/p2test/tests/testcases/type/StatementPrintBadExpr.java'
[91m[ FAIL ][0m MethodDeclBadExprInCall
Got error: 'b'''
Expected : 'b'Type violation in line 8\n''
Run './parser /homes/cs352/Spring23/Grading/tarindu/p2test/tests/testcases/type/MethodDeclBadExprInCall.java'
[91m[ FAIL ][0m MethodDeclAssignMethod
Got error: 'b'''
Expected : 'b'Type violation in line 5\n''
Run './parser /homes/cs352/Spring23/Grading/tarindu/p2test/tests/testcases/type/MethodDeclAssignMethod.java'
[91m[ FAIL ][0m MethodDeclRedefinition
Got error: 'b'''
Expected : 'b'Type violation in line 6\n''
Run './parser /homes/cs352/Spring23/Grading/tarindu/p2test/tests/testcases/type/MethodDeclRedefinition.java'
[91m[ FAIL ][0m MethodDeclTooFewArgs
Got error: 'b'''
Expected : 'b'Type violation in line 6\n''
Run './parser /homes/cs352/Spring23/Grading/tarindu/p2test/tests/testcases/type/MethodDeclTooFewArgs.java'
[91m[ FAIL ][0m StatementAssignBadLValue
Got error: 'b'''
Expected : 'b'Type violation in line 7\n''
Run './parser /homes/cs352/Spring23/Grading/tarindu/p2test/tests/testcases/type/StatementAssignBadLValue.java'
[92m[ PASS ][0m UnaryExprNotEvalBool
[91m[ FAIL ][0m NewExprBoolInNew
Got error: 'b'''
Expected : 'b'Type violation in line 5\n''
Run './parser /homes/cs352/Spring23/Grading/tarindu/p2test/tests/testcases/type/NewExprBoolInNew.java'
[92m[ PASS ][0m StaticVarDeclRedefinition
[91m[ FAIL ][0m NewExprArrayInNew
Got error: 'b'''
Expected : 'b'Type violation in line 5\n''
Run './parser /homes/cs352/Spring23/Grading/tarindu/p2test/tests/testcases/type/NewExprArrayInNew.java'
[91m[ FAIL ][0m LValExprTooManyBrackets
Got error: 'b'''
Expected : 'b'Type violation in line 6\n''
Run './parser /homes/cs352/Spring23/Grading/tarindu/p2test/tests/testcases/type/LValExprTooManyBrackets.java'
[91m[ FAIL ][0m MultipleErrorsStaticVars
Got error: 'b'Type Violation in Line 8Type Violation in Line 9''
Expected : 'b'Type violation in line 8\nType violation in line 9\n''
Run './parser /homes/cs352/Spring23/Grading/tarindu/p2test/tests/testcases/type/MultipleErrorsStaticVars.java'
[91m[ FAIL ][0m StatementAssignBadExpr
Got error: 'b'''
Expected : 'b'Type violation in line 9\n''
Run './parser /homes/cs352/Spring23/Grading/tarindu/p2test/tests/testcases/type/StatementAssignBadExpr.java'
[91m[ FAIL ][0m StatementAssignBadLValue2
Got error: 'b'''
Expected : 'b'Type Violation in Line 6\n''
Run './parser /homes/cs352/Spring23/Grading/tarindu/p2test/tests/testcases/type/StatementAssignBadLValue2.java'
[91m[ FAIL ][0m MethodDeclAssignIntToBool
Got error: 'b'''
Expected : 'b'Type Violation in Line 5\n''
Run './parser /homes/cs352/Spring23/Grading/tarindu/p2test/tests/testcases/type/MethodDeclAssignIntToBool.java'
[92m[ PASS ][0m StatementConditionalRecurseError
[91m[ FAIL ][0m UnaryExprLength
Got error: 'b'''
Expected : 'b'Type violation in line 6\n''
Run './parser /homes/cs352/Spring23/Grading/tarindu/p2test/tests/testcases/type/UnaryExprLength.java'
[91m[ FAIL ][0m UnaryExprUnaryString
Got error: 'b'''
Expected : 'b'Type violation in line 5\n''
Run './parser /homes/cs352/Spring23/Grading/tarindu/p2test/tests/testcases/type/UnaryExprUnaryString.java'
[91m[ FAIL ][0m StatementConditionalWhile.NotBoolCond
Got error: 'b'''
Expected : 'b'Type violation in line 6\n''
Run './parser /homes/cs352/Spring23/Grading/tarindu/p2test/tests/testcases/type/StatementConditionalWhile.NotBoolCond.java'
[91m[ FAIL ][0m BinaryExprArrayInOp
Got error: 'b'''
Expected : 'b'Type violation in line 7\n''
Run './parser /homes/cs352/Spring23/Grading/tarindu/p2test/tests/testcases/type/BinaryExprArrayInOp.java'
[91m[ FAIL ][0m StatementConditionalIf.NotBoolCond
Got error: 'b'''
Expected : 'b'Type violation in line 6\n''
Run './parser /homes/cs352/Spring23/Grading/tarindu/p2test/tests/testcases/type/StatementConditionalIf.NotBoolCond.java'
[91m[ FAIL ][0m UnaryExprNotInt
Got error: 'b'''
Expected : 'b'Type violation in line 5\n''
Run './parser /homes/cs352/Spring23/Grading/tarindu/p2test/tests/testcases/type/UnaryExprNotInt.java'"
yang1800,2023-03-15,16:15:17,50.0,43.0,"[92m[ PASS ][0m NoMain
[92m[ PASS ][0m NestedIf
[92m[ PASS ][0m TwoClasses
[92m[ PASS ][0m NewMain
[91m[ FAIL ][0m MultipleErrorsCombined
Got error: 'b'Type Violation in Line 14 \nType Violation in Line 15 \nType Violation in Line 16 \nType Violation in Line 17 \nType Violation in Line 18 \n''
Expected : 'b'Type violation in line 14\nType violation in line 15\nType violation in line 16\nType violation in line 17\nType violation in line 18\n''
Run './parser /homes/cs352/Spring23/Grading/tarindu/p2test/tests/testcases/type/MultipleErrorsCombined.java'
[91m[ FAIL ][0m MultipleErrorsDoubleDecl
Got error: 'b'Type Violation in Line 9 \nType Violation in Line 10 \n''
Expected : 'b'Type violation in line 9\nType violation in line 10\n''
Run './parser /homes/cs352/Spring23/Grading/tarindu/p2test/tests/testcases/type/MultipleErrorsDoubleDecl.java'
[92m[ PASS ][0m StatementScopeRedefineSym
[92m[ PASS ][0m LiteralExprIntToArray
[91m[ FAIL ][0m StatementReturnWrongType
Got error: 'b'''
Expected : 'b'Type violation in line 6\n''
Run './parser /homes/cs352/Spring23/Grading/tarindu/p2test/tests/testcases/type/StatementReturnWrongType.java'
[92m[ PASS ][0m UnaryExprUnaryBool
[92m[ PASS ][0m StatementMethodCallWrongTypes
[92m[ PASS ][0m StatementVarDeclCheckArgs
[92m[ PASS ][0m LValExprDiffType
[92m[ PASS ][0m ParseIntNotString
[92m[ PASS ][0m MethodDeclWrongType
[92m[ PASS ][0m StatementVarDeclRedefinition
[92m[ PASS ][0m StatementScopeRedefinition
[92m[ PASS ][0m BinaryExprLogicalToBool
[91m[ FAIL ][0m StaticVarDeclTypeStillRequired
Got error: 'b'''
Expected : 'b'Type violation in line 5\n''
Run './parser /homes/cs352/Spring23/Grading/tarindu/p2test/tests/testcases/type/StaticVarDeclTypeStillRequired.java'
[92m[ PASS ][0m NewExprDifferentNewType
[92m[ PASS ][0m BinaryExprIntInBool
[92m[ PASS ][0m BinaryExprInvalidOperand
[92m[ PASS ][0m LiteralExprBoolToInt
[92m[ PASS ][0m StatementPrintBadExpr2
[91m[ FAIL ][0m MultipleErrorsVarDecl
Got error: 'b'Type Violation in Line 19 \nType Violation in Line 20 \nType Violation in Line 21 \nType Violation in Line 21 \n''
Expected : 'b'Type violation in line 19\nType violation in line 20\nType violation in line 21\nType violation in line 21\nType violation in line 21\n''
Run './parser /homes/cs352/Spring23/Grading/tarindu/p2test/tests/testcases/type/MultipleErrorsVarDecl.java'
[92m[ PASS ][0m MethodDeclBadReturnType
[92m[ PASS ][0m StatementAssignWrongTypes
[92m[ PASS ][0m MethodDeclAssignMethod2
[92m[ PASS ][0m StatementPrintBadExpr
[92m[ PASS ][0m MethodDeclBadExprInCall
[92m[ PASS ][0m MethodDeclAssignMethod
[92m[ PASS ][0m MethodDeclRedefinition
[92m[ PASS ][0m MethodDeclTooFewArgs
[92m[ PASS ][0m StatementAssignBadLValue
[92m[ PASS ][0m UnaryExprNotEvalBool
[92m[ PASS ][0m NewExprBoolInNew
[92m[ PASS ][0m StaticVarDeclRedefinition
[92m[ PASS ][0m NewExprArrayInNew
[92m[ PASS ][0m LValExprTooManyBrackets
[91m[ FAIL ][0m MultipleErrorsStaticVars
Got error: 'b'Type Violation in Line 8 \nType Violation in Line 9 \n''
Expected : 'b'Type violation in line 8\nType violation in line 9\n''
Run './parser /homes/cs352/Spring23/Grading/tarindu/p2test/tests/testcases/type/MultipleErrorsStaticVars.java'
[92m[ PASS ][0m StatementAssignBadExpr
[91m[ FAIL ][0m StatementAssignBadLValue2
Got error: 'b'Type Violation in Line 6 \nType Violation in Line 6 \n''
Expected : 'b'Type Violation in Line 6\n''
Run './parser /homes/cs352/Spring23/Grading/tarindu/p2test/tests/testcases/type/StatementAssignBadLValue2.java'
[92m[ PASS ][0m MethodDeclAssignIntToBool
[92m[ PASS ][0m StatementConditionalRecurseError
[92m[ PASS ][0m UnaryExprLength
[92m[ PASS ][0m UnaryExprUnaryString
[92m[ PASS ][0m StatementConditionalWhile.NotBoolCond
[92m[ PASS ][0m BinaryExprArrayInOp
[92m[ PASS ][0m StatementConditionalIf.NotBoolCond
[92m[ PASS ][0m UnaryExprNotInt"
yberg,2023-03-14,17:10:39,50.0,45.0,"[92m[ PASS ][0m NoMain
[92m[ PASS ][0m NestedIf
[92m[ PASS ][0m TwoClasses
[92m[ PASS ][0m NewMain
[91m[ FAIL ][0m MultipleErrorsCombined
Got error: 'b'Type Violation in Line 14\nType Violation in Line 15\nType Violation in Line 17\nType Violation in Line 18\n''
Expected : 'b'Type violation in line 14\nType violation in line 15\nType violation in line 16\nType violation in line 17\nType violation in line 18\n''
Run './parser /homes/cs352/Spring23/Grading/tarindu/p2test/tests/testcases/type/MultipleErrorsCombined.java'
[92m[ PASS ][0m MultipleErrorsDoubleDecl
[92m[ PASS ][0m StatementScopeRedefineSym
[92m[ PASS ][0m LiteralExprIntToArray
[91m[ FAIL ][0m StatementReturnWrongType
Got error: 'b'''
Expected : 'b'Type violation in line 6\n''
Run './parser /homes/cs352/Spring23/Grading/tarindu/p2test/tests/testcases/type/StatementReturnWrongType.java'
[92m[ PASS ][0m UnaryExprUnaryBool
[92m[ PASS ][0m StatementMethodCallWrongTypes
[91m[ FAIL ][0m StatementVarDeclCheckArgs
Got error: 'b'''
Expected : 'b'Type violation in line 6\n''
Run './parser /homes/cs352/Spring23/Grading/tarindu/p2test/tests/testcases/type/StatementVarDeclCheckArgs.java'
[92m[ PASS ][0m LValExprDiffType
[92m[ PASS ][0m ParseIntNotString
[92m[ PASS ][0m MethodDeclWrongType
[92m[ PASS ][0m StatementVarDeclRedefinition
[92m[ PASS ][0m StatementScopeRedefinition
[92m[ PASS ][0m BinaryExprLogicalToBool
[92m[ PASS ][0m StaticVarDeclTypeStillRequired
[92m[ PASS ][0m NewExprDifferentNewType
[92m[ PASS ][0m BinaryExprIntInBool
[92m[ PASS ][0m BinaryExprInvalidOperand
[92m[ PASS ][0m LiteralExprBoolToInt
[92m[ PASS ][0m StatementPrintBadExpr2
[91m[ FAIL ][0m MultipleErrorsVarDecl
Got error: 'b'Type Violation in Line 19\nType Violation in Line 21\nType Violation in Line 21\n''
Expected : 'b'Type violation in line 19\nType violation in line 20\nType violation in line 21\nType violation in line 21\nType violation in line 21\n''
Run './parser /homes/cs352/Spring23/Grading/tarindu/p2test/tests/testcases/type/MultipleErrorsVarDecl.java'
[92m[ PASS ][0m MethodDeclBadReturnType
[92m[ PASS ][0m StatementAssignWrongTypes
[92m[ PASS ][0m MethodDeclAssignMethod2
[92m[ PASS ][0m StatementPrintBadExpr
[91m[ FAIL ][0m MethodDeclBadExprInCall
Got error: 'b'Type Violation in Line 8\nType Violation in Line 8\n''
Expected : 'b'Type violation in line 8\n''
Run './parser /homes/cs352/Spring23/Grading/tarindu/p2test/tests/testcases/type/MethodDeclBadExprInCall.java'
[92m[ PASS ][0m MethodDeclAssignMethod
[92m[ PASS ][0m MethodDeclRedefinition
[92m[ PASS ][0m MethodDeclTooFewArgs
[92m[ PASS ][0m StatementAssignBadLValue
[92m[ PASS ][0m UnaryExprNotEvalBool
[92m[ PASS ][0m NewExprBoolInNew
[92m[ PASS ][0m StaticVarDeclRedefinition
[92m[ PASS ][0m NewExprArrayInNew
[92m[ PASS ][0m LValExprTooManyBrackets
[92m[ PASS ][0m MultipleErrorsStaticVars
[92m[ PASS ][0m StatementAssignBadExpr
[92m[ PASS ][0m StatementAssignBadLValue2
[92m[ PASS ][0m MethodDeclAssignIntToBool
[92m[ PASS ][0m StatementConditionalRecurseError
[92m[ PASS ][0m UnaryExprLength
[92m[ PASS ][0m UnaryExprUnaryString
[92m[ PASS ][0m StatementConditionalWhile.NotBoolCond
[92m[ PASS ][0m BinaryExprArrayInOp
[92m[ PASS ][0m StatementConditionalIf.NotBoolCond
[92m[ PASS ][0m UnaryExprNotInt"
yyegorov,2023-03-09,20:02:43,49.0,4.0,"[92m[ PASS ][0m NoMain
[92m[ PASS ][0m NestedIf
[92m[ PASS ][0m TwoClasses
[92m[ PASS ][0m NewMain
[91m[ FAIL ][0m MultipleErrorsCombined
Got error: 'b'''
Expected : 'b'Type violation in line 14\nType violation in line 15\nType violation in line 16\nType violation in line 17\nType violation in line 18\n''
Run './parser /homes/cs352/Spring23/Grading/tarindu/p2test/tests/testcases/type/MultipleErrorsCombined.java'
[91m[ FAIL ][0m MultipleErrorsDoubleDecl
Got error: 'b'''
Expected : 'b'Type violation in line 9\nType violation in line 10\n''
Run './parser /homes/cs352/Spring23/Grading/tarindu/p2test/tests/testcases/type/MultipleErrorsDoubleDecl.java'
[91m[ FAIL ][0m StatementScopeRedefineSym
Got error: 'b'''
Expected : 'b'Type violation in line 9\n''
Run './parser /homes/cs352/Spring23/Grading/tarindu/p2test/tests/testcases/type/StatementScopeRedefineSym.java'
[91m[ FAIL ][0m LiteralExprIntToArray
Got error: 'b'''
Expected : 'b'Type violation in line 4\n''
Run './parser /homes/cs352/Spring23/Grading/tarindu/p2test/tests/testcases/type/LiteralExprIntToArray.java'
[91m[ FAIL ][0m StatementReturnWrongType
Got error: 'b'''
Expected : 'b'Type violation in line 6\n''
Run './parser /homes/cs352/Spring23/Grading/tarindu/p2test/tests/testcases/type/StatementReturnWrongType.java'
[91m[ FAIL ][0m UnaryExprUnaryBool
Got error: 'b'''
Expected : 'b'Type violation in line 5\n''
Run './parser /homes/cs352/Spring23/Grading/tarindu/p2test/tests/testcases/type/UnaryExprUnaryBool.java'
[91m[ FAIL ][0m StatementMethodCallWrongTypes
Got error: 'b'''
Expected : 'b'Type Violation in Line 7\n''
Run './parser /homes/cs352/Spring23/Grading/tarindu/p2test/tests/testcases/type/StatementMethodCallWrongTypes.java'
[91m[ FAIL ][0m StatementVarDeclCheckArgs
Got error: 'b'''
Expected : 'b'Type violation in line 6\n''
Run './parser /homes/cs352/Spring23/Grading/tarindu/p2test/tests/testcases/type/StatementVarDeclCheckArgs.java'
[91m[ FAIL ][0m LValExprDiffType
Got error: 'b'''
Expected : 'b'Type violation in line 6\n''
Run './parser /homes/cs352/Spring23/Grading/tarindu/p2test/tests/testcases/type/LValExprDiffType.java'
[91m[ FAIL ][0m ParseIntNotString
Got error: 'b'''
Expected : 'b'Type violation in line 6\n''
Run './parser /homes/cs352/Spring23/Grading/tarindu/p2test/tests/testcases/type/ParseIntNotString.java'
[91m[ FAIL ][0m MethodDeclWrongType
Got error: 'b'''
Expected : 'b'Type violation in line 5\n''
Run './parser /homes/cs352/Spring23/Grading/tarindu/p2test/tests/testcases/type/MethodDeclWrongType.java'
[91m[ FAIL ][0m StatementVarDeclRedefinition
Got error: 'b'''
Expected : 'b'Type violation in line 7\n''
Run './parser /homes/cs352/Spring23/Grading/tarindu/p2test/tests/testcases/type/StatementVarDeclRedefinition.java'
[91m[ FAIL ][0m StatementScopeRedefinition
Got error: 'b'''
Expected : 'b'Type violation in line 8\n''
Run './parser /homes/cs352/Spring23/Grading/tarindu/p2test/tests/testcases/type/StatementScopeRedefinition.java'
[91m[ FAIL ][0m BinaryExprLogicalToBool
Got error: 'b'''
Expected : 'b'Type violation in line 5\n''
Run './parser /homes/cs352/Spring23/Grading/tarindu/p2test/tests/testcases/type/BinaryExprLogicalToBool.java'
[91m[ FAIL ][0m StaticVarDeclTypeStillRequired
Got error: 'b'''
Expected : 'b'Type violation in line 5\n''
Run './parser /homes/cs352/Spring23/Grading/tarindu/p2test/tests/testcases/type/StaticVarDeclTypeStillRequired.java'
[91m[ FAIL ][0m NewExprDifferentNewType
Got error: 'b'''
Expected : 'b'Type violation in line 5\n''
Run './parser /homes/cs352/Spring23/Grading/tarindu/p2test/tests/testcases/type/NewExprDifferentNewType.java'
[91m[ FAIL ][0m BinaryExprIntInBool
Got error: 'b'''
Expected : 'b'Type violation in line 7\n''
Run './parser /homes/cs352/Spring23/Grading/tarindu/p2test/tests/testcases/type/BinaryExprIntInBool.java'
[91m[ FAIL ][0m BinaryExprInvalidOperand
Got error: 'b'''
Expected : 'b'Type violation in line 6\n''
Run './parser /homes/cs352/Spring23/Grading/tarindu/p2test/tests/testcases/type/BinaryExprInvalidOperand.java'
[91m[ FAIL ][0m LiteralExprBoolToInt
Got error: 'b'''
Expected : 'b'Type violation in line 5\n''
Run './parser /homes/cs352/Spring23/Grading/tarindu/p2test/tests/testcases/type/LiteralExprBoolToInt.java'
[91m[ FAIL ][0m StatementPrintBadExpr2
Got error: 'b'''
Expected : 'b'Type violation in line 6\n''
Run './parser /homes/cs352/Spring23/Grading/tarindu/p2test/tests/testcases/type/StatementPrintBadExpr2.java'
[91m[ FAIL ][0m MultipleErrorsVarDecl
Got error: 'b'Syntax errors in line 21\n''
Expected : 'b'Type violation in line 19\nType violation in line 20\nType violation in line 21\nType violation in line 21\nType violation in line 21\n''
Run './parser /homes/cs352/Spring23/Grading/tarindu/p2test/tests/testcases/type/MultipleErrorsVarDecl.java'
[91m[ FAIL ][0m MethodDeclBadReturnType
Got error: 'b'''
Expected : 'b'Type violation in line 5\n''
Run './parser /homes/cs352/Spring23/Grading/tarindu/p2test/tests/testcases/type/MethodDeclBadReturnType.java'
[91m[ FAIL ][0m StatementAssignWrongTypes
Got error: 'b'''
Expected : 'b'Type violation in line 7\n''
Run './parser /homes/cs352/Spring23/Grading/tarindu/p2test/tests/testcases/type/StatementAssignWrongTypes.java'
[91m[ FAIL ][0m MethodDeclAssignMethod2
Got error: 'b'''
Expected : 'b'Type violation in line 5\n''
Run './parser /homes/cs352/Spring23/Grading/tarindu/p2test/tests/testcases/type/MethodDeclAssignMethod2.java'
[91m[ FAIL ][0m StatementPrintBadExpr
Got error: 'b'''
Expected : 'b'Type violation in line 8\n''
Run './parser /homes/cs352/Spring23/Grading/tarindu/p2test/tests/testcases/type/StatementPrintBadExpr.java'
[91m[ FAIL ][0m MethodDeclBadExprInCall
Got error: 'b'''
Expected : 'b'Type violation in line 8\n''
Run './parser /homes/cs352/Spring23/Grading/tarindu/p2test/tests/testcases/type/MethodDeclBadExprInCall.java'
[91m[ FAIL ][0m MethodDeclAssignMethod
Got error: 'b'''
Expected : 'b'Type violation in line 5\n''
Run './parser /homes/cs352/Spring23/Grading/tarindu/p2test/tests/testcases/type/MethodDeclAssignMethod.java'
[91m[ FAIL ][0m MethodDeclRedefinition
Got error: 'b'''
Expected : 'b'Type violation in line 6\n''
Run './parser /homes/cs352/Spring23/Grading/tarindu/p2test/tests/testcases/type/MethodDeclRedefinition.java'
[91m[ FAIL ][0m MethodDeclTooFewArgs
Got error: 'b'''
Expected : 'b'Type violation in line 6\n''
Run './parser /homes/cs352/Spring23/Grading/tarindu/p2test/tests/testcases/type/MethodDeclTooFewArgs.java'
[91m[ FAIL ][0m StatementAssignBadLValue
Got error: 'b'''
Expected : 'b'Type violation in line 7\n''
Run './parser /homes/cs352/Spring23/Grading/tarindu/p2test/tests/testcases/type/StatementAssignBadLValue.java'
[91m[ FAIL ][0m UnaryExprNotEvalBool
Got error: 'b'''
Expected : 'b'Type violation in line 5\n''
Run './parser /homes/cs352/Spring23/Grading/tarindu/p2test/tests/testcases/type/UnaryExprNotEvalBool.java'
[91m[ FAIL ][0m NewExprBoolInNew
Got error: 'b'''
Expected : 'b'Type violation in line 5\n''
Run './parser /homes/cs352/Spring23/Grading/tarindu/p2test/tests/testcases/type/NewExprBoolInNew.java'
[91m[ FAIL ][0m StaticVarDeclRedefinition
Got error: 'b'''
Expected : 'b'Type violation in line 6\n''
Run './parser /homes/cs352/Spring23/Grading/tarindu/p2test/tests/testcases/type/StaticVarDeclRedefinition.java'
[91m[ FAIL ][0m NewExprArrayInNew
Got error: 'b'''
Expected : 'b'Type violation in line 5\n''
Run './parser /homes/cs352/Spring23/Grading/tarindu/p2test/tests/testcases/type/NewExprArrayInNew.java'
[91m[ FAIL ][0m LValExprTooManyBrackets
Got error: 'b'''
Expected : 'b'Type violation in line 6\n''
Run './parser /homes/cs352/Spring23/Grading/tarindu/p2test/tests/testcases/type/LValExprTooManyBrackets.java'
[91m[ FAIL ][0m MultipleErrorsStaticVars
Got error: 'b'''
Expected : 'b'Type violation in line 8\nType violation in line 9\n''
Run './parser /homes/cs352/Spring23/Grading/tarindu/p2test/tests/testcases/type/MultipleErrorsStaticVars.java'
[91m[ FAIL ][0m StatementAssignBadExpr
Got error: 'b'''
Expected : 'b'Type violation in line 9\n''
Run './parser /homes/cs352/Spring23/Grading/tarindu/p2test/tests/testcases/type/StatementAssignBadExpr.java'
[91m[ FAIL ][0m StatementAssignBadLValue2
Got error: 'b'''
Expected : 'b'Type Violation in Line 6\n''
Run './parser /homes/cs352/Spring23/Grading/tarindu/p2test/tests/testcases/type/StatementAssignBadLValue2.java'
[91m[ FAIL ][0m MethodDeclAssignIntToBool
Got error: 'b'''
Expected : 'b'Type Violation in Line 5\n''
Run './parser /homes/cs352/Spring23/Grading/tarindu/p2test/tests/testcases/type/MethodDeclAssignIntToBool.java'
[91m[ FAIL ][0m StatementConditionalRecurseError
Got error: 'b'''
Expected : 'b'Type violation in line 7\n''
Run './parser /homes/cs352/Spring23/Grading/tarindu/p2test/tests/testcases/type/StatementConditionalRecurseError.java'
[91m[ FAIL ][0m UnaryExprLength
Got error: 'b'''
Expected : 'b'Type violation in line 6\n''
Run './parser /homes/cs352/Spring23/Grading/tarindu/p2test/tests/testcases/type/UnaryExprLength.java'
[91m[ FAIL ][0m UnaryExprUnaryString
Got error: 'b'''
Expected : 'b'Type violation in line 5\n''
Run './parser /homes/cs352/Spring23/Grading/tarindu/p2test/tests/testcases/type/UnaryExprUnaryString.java'
[91m[ FAIL ][0m StatementConditionalWhile.NotBoolCond
Got error: 'b'''
Expected : 'b'Type violation in line 6\n''
Run './parser /homes/cs352/Spring23/Grading/tarindu/p2test/tests/testcases/type/StatementConditionalWhile.NotBoolCond.java'
[91m[ FAIL ][0m BinaryExprArrayInOp
Got error: 'b'''
Expected : 'b'Type violation in line 7\n''
Run './parser /homes/cs352/Spring23/Grading/tarindu/p2test/tests/testcases/type/BinaryExprArrayInOp.java'
[91m[ FAIL ][0m StatementConditionalIf.NotBoolCond
Got error: 'b'''
Expected : 'b'Type violation in line 6\n''
Run './parser /homes/cs352/Spring23/Grading/tarindu/p2test/tests/testcases/type/StatementConditionalIf.NotBoolCond.java'
[91m[ FAIL ][0m UnaryExprNotInt
Got error: 'b'''
Expected : 'b'Type violation in line 5\n''
Run './parser /homes/cs352/Spring23/Grading/tarindu/p2test/tests/testcases/type/UnaryExprNotInt.java'"
zhan4150,2023-03-12,18:05:54,50.0,48.0,"[92m[ PASS ][0m NoMain
[92m[ PASS ][0m NestedIf
[92m[ PASS ][0m TwoClasses
[92m[ PASS ][0m NewMain
[92m[ PASS ][0m MultipleErrorsCombined
[92m[ PASS ][0m MultipleErrorsDoubleDecl
[92m[ PASS ][0m StatementScopeRedefineSym
[92m[ PASS ][0m LiteralExprIntToArray
[92m[ PASS ][0m StatementReturnWrongType
[92m[ PASS ][0m UnaryExprUnaryBool
[92m[ PASS ][0m StatementMethodCallWrongTypes
[92m[ PASS ][0m StatementVarDeclCheckArgs
[92m[ PASS ][0m LValExprDiffType
[92m[ PASS ][0m ParseIntNotString
[92m[ PASS ][0m MethodDeclWrongType
[92m[ PASS ][0m StatementVarDeclRedefinition
[92m[ PASS ][0m StatementScopeRedefinition
[92m[ PASS ][0m BinaryExprLogicalToBool
[91m[ FAIL ][0m StaticVarDeclTypeStillRequired
Got error: 'b'''
Expected : 'b'Type violation in line 5\n''
Run './parser /homes/cs352/Spring23/Grading/tarindu/p2test/tests/testcases/type/StaticVarDeclTypeStillRequired.java'
[92m[ PASS ][0m NewExprDifferentNewType
[92m[ PASS ][0m BinaryExprIntInBool
[92m[ PASS ][0m BinaryExprInvalidOperand
[92m[ PASS ][0m LiteralExprBoolToInt
[92m[ PASS ][0m StatementPrintBadExpr2
[91m[ FAIL ][0m MultipleErrorsVarDecl
Got error: 'b'Type Violation in Line 20\nType Violation in Line 21\n''
Expected : 'b'Type violation in line 19\nType violation in line 20\nType violation in line 21\nType violation in line 21\nType violation in line 21\n''
Run './parser /homes/cs352/Spring23/Grading/tarindu/p2test/tests/testcases/type/MultipleErrorsVarDecl.java'
[92m[ PASS ][0m MethodDeclBadReturnType
[92m[ PASS ][0m StatementAssignWrongTypes
[92m[ PASS ][0m MethodDeclAssignMethod2
[92m[ PASS ][0m StatementPrintBadExpr
[92m[ PASS ][0m MethodDeclBadExprInCall
[92m[ PASS ][0m MethodDeclAssignMethod
[92m[ PASS ][0m MethodDeclRedefinition
[92m[ PASS ][0m MethodDeclTooFewArgs
[92m[ PASS ][0m StatementAssignBadLValue
[92m[ PASS ][0m UnaryExprNotEvalBool
[92m[ PASS ][0m NewExprBoolInNew
[92m[ PASS ][0m StaticVarDeclRedefinition
[92m[ PASS ][0m NewExprArrayInNew
[92m[ PASS ][0m LValExprTooManyBrackets
[92m[ PASS ][0m MultipleErrorsStaticVars
[92m[ PASS ][0m StatementAssignBadExpr
[92m[ PASS ][0m StatementAssignBadLValue2
[92m[ PASS ][0m MethodDeclAssignIntToBool
[92m[ PASS ][0m StatementConditionalRecurseError
[92m[ PASS ][0m UnaryExprLength
[92m[ PASS ][0m UnaryExprUnaryString
[92m[ PASS ][0m StatementConditionalWhile.NotBoolCond
[92m[ PASS ][0m BinaryExprArrayInOp
[92m[ PASS ][0m StatementConditionalIf.NotBoolCond
[92m[ PASS ][0m UnaryExprNotInt"
zhou977,2023-03-11,12:38:37,49.0,44.0,"[92m[ PASS ][0m NoMain
[92m[ PASS ][0m NestedIf
[92m[ PASS ][0m TwoClasses
[92m[ PASS ][0m NewMain
[91m[ FAIL ][0m MultipleErrorsCombined
Got error: 'b'Type Violation in Line 14\nType Violation in Line 15\nType Violation in Line 17\nType Violation in Line 18\n''
Expected : 'b'Type violation in line 14\nType violation in line 15\nType violation in line 16\nType violation in line 17\nType violation in line 18\n''
Run './parser /homes/cs352/Spring23/Grading/tarindu/p2test/tests/testcases/type/MultipleErrorsCombined.java'
[92m[ PASS ][0m MultipleErrorsDoubleDecl
[92m[ PASS ][0m StatementScopeRedefineSym
[92m[ PASS ][0m LiteralExprIntToArray
[91m[ FAIL ][0m StatementReturnWrongType
Got error: 'b'''
Expected : 'b'Type violation in line 6\n''
Run './parser /homes/cs352/Spring23/Grading/tarindu/p2test/tests/testcases/type/StatementReturnWrongType.java'
[92m[ PASS ][0m UnaryExprUnaryBool
[91m[ FAIL ][0m StatementMethodCallWrongTypes
Got error: 'b'Syntax errors in line 7\n''
Expected : 'b'Type Violation in Line 7\n''
Run './parser /homes/cs352/Spring23/Grading/tarindu/p2test/tests/testcases/type/StatementMethodCallWrongTypes.java'
[92m[ PASS ][0m StatementVarDeclCheckArgs
[92m[ PASS ][0m LValExprDiffType
[92m[ PASS ][0m ParseIntNotString
[92m[ PASS ][0m MethodDeclWrongType
[92m[ PASS ][0m StatementVarDeclRedefinition
[92m[ PASS ][0m StatementScopeRedefinition
[92m[ PASS ][0m BinaryExprLogicalToBool
[92m[ PASS ][0m StaticVarDeclTypeStillRequired
[92m[ PASS ][0m NewExprDifferentNewType
[92m[ PASS ][0m BinaryExprIntInBool
[92m[ PASS ][0m BinaryExprInvalidOperand
[92m[ PASS ][0m LiteralExprBoolToInt
[92m[ PASS ][0m StatementPrintBadExpr2
[91m[ FAIL ][0m MultipleErrorsVarDecl
Got error: 'b'Type Violation in Line 19\nType Violation in Line 19\nType Violation in Line 20\nType Violation in Line 21\n''
Expected : 'b'Type violation in line 19\nType violation in line 20\nType violation in line 21\nType violation in line 21\nType violation in line 21\n''
Run './parser /homes/cs352/Spring23/Grading/tarindu/p2test/tests/testcases/type/MultipleErrorsVarDecl.java'
[92m[ PASS ][0m MethodDeclBadReturnType
[92m[ PASS ][0m StatementAssignWrongTypes
[92m[ PASS ][0m MethodDeclAssignMethod2
[92m[ PASS ][0m StatementPrintBadExpr
[91m[ FAIL ][0m MethodDeclBadExprInCall
Got error: 'b'Type Violation in Line 8\nType Violation in Line 8\n''
Expected : 'b'Type violation in line 8\n''
Run './parser /homes/cs352/Spring23/Grading/tarindu/p2test/tests/testcases/type/MethodDeclBadExprInCall.java'
[92m[ PASS ][0m MethodDeclAssignMethod
[91m[ FAIL ][0m MethodDeclRedefinition
Got error: 'b'''
Expected : 'b'Type violation in line 6\n''
Run './parser /homes/cs352/Spring23/Grading/tarindu/p2test/tests/testcases/type/MethodDeclRedefinition.java'
[92m[ PASS ][0m MethodDeclTooFewArgs
[92m[ PASS ][0m StatementAssignBadLValue
[92m[ PASS ][0m UnaryExprNotEvalBool
[92m[ PASS ][0m NewExprBoolInNew
[92m[ PASS ][0m StaticVarDeclRedefinition
[92m[ PASS ][0m NewExprArrayInNew
[92m[ PASS ][0m LValExprTooManyBrackets
[92m[ PASS ][0m MultipleErrorsStaticVars
[92m[ PASS ][0m StatementAssignBadExpr
[92m[ PASS ][0m StatementAssignBadLValue2
[92m[ PASS ][0m MethodDeclAssignIntToBool
[92m[ PASS ][0m StatementConditionalRecurseError
[92m[ PASS ][0m UnaryExprLength
[92m[ PASS ][0m UnaryExprUnaryString
[92m[ PASS ][0m StatementConditionalWhile.NotBoolCond
[92m[ PASS ][0m BinaryExprArrayInOp
[92m[ PASS ][0m StatementConditionalIf.NotBoolCond
[92m[ PASS ][0m UnaryExprNotInt"
zhu862,2023-03-15,23:51:58,2.0,2.0,"[92m[ PASS ][0m NoMain
[91m[ FAIL ][0m NestedIf
Got error: 'b'Syntax errors in line 4\n''
Expected : 'b'Syntax errors in line 8\n''
Run './parser /homes/cs352/Spring23/Grading/tarindu/p2test/tests/testcases/syntax/NestedIf.java'
[91m[ FAIL ][0m TwoClasses
Got error: 'b'Syntax errors in line 4\n''
Expected : 'b'Syntax errors in line 7\n''
Run './parser /homes/cs352/Spring23/Grading/tarindu/p2test/tests/testcases/syntax/TwoClasses.java'
[92m[ PASS ][0m NewMain
[91m[ FAIL ][0m MultipleErrorsCombined
Got error: 'b'Syntax errors in line 20\n''
Expected : 'b'Type violation in line 14\nType violation in line 15\nType violation in line 16\nType violation in line 17\nType violation in line 18\n''
Run './parser /homes/cs352/Spring23/Grading/tarindu/p2test/tests/testcases/type/MultipleErrorsCombined.java'
[91m[ FAIL ][0m MultipleErrorsDoubleDecl
Got error: 'b'Syntax errors in line 12\n''
Expected : 'b'Type violation in line 9\nType violation in line 10\n''
Run './parser /homes/cs352/Spring23/Grading/tarindu/p2test/tests/testcases/type/MultipleErrorsDoubleDecl.java'
[91m[ FAIL ][0m StatementScopeRedefineSym
Got error: 'b'Syntax errors in line 5\n''
Expected : 'b'Type violation in line 9\n''
Run './parser /homes/cs352/Spring23/Grading/tarindu/p2test/tests/testcases/type/StatementScopeRedefineSym.java'
[91m[ FAIL ][0m LiteralExprIntToArray
Got error: 'b'Syntax errors in line 5\n''
Expected : 'b'Type violation in line 4\n''
Run './parser /homes/cs352/Spring23/Grading/tarindu/p2test/tests/testcases/type/LiteralExprIntToArray.java'
[91m[ FAIL ][0m StatementReturnWrongType
Got error: 'b'Syntax errors in line 5\n''
Expected : 'b'Type violation in line 6\n''
Run './parser /homes/cs352/Spring23/Grading/tarindu/p2test/tests/testcases/type/StatementReturnWrongType.java'
[91m[ FAIL ][0m UnaryExprUnaryBool
Got error: 'b'Syntax errors in line 6\n''
Expected : 'b'Type violation in line 5\n''
Run './parser /homes/cs352/Spring23/Grading/tarindu/p2test/tests/testcases/type/UnaryExprUnaryBool.java'
[91m[ FAIL ][0m StatementMethodCallWrongTypes
Got error: 'b'Syntax errors in line 6\n''
Expected : 'b'Type Violation in Line 7\n''
read file success
class
public
static
void
read file success
class
private
static
int
eq
int
private
static
eq
read file success
class
public
static
void
read file success
class
private
static
int
eq
RIHGT PAREN
public
static
int
RIHGT PAREN
int
public
static
void
read file success
class
public
static
void
read file success
class
public
static
void
read file success
class
private
static
int
eq
public
static
void
read file success
class
private
static
int
,read file success
class
private
static
int
eq
public
static
void
read file success
class
private
static
eq
public
static
void
read file success
class
private
static
eq
public
static
void
read file success
class
private
static
int
eq
public
static
void
read file success
class
public
static
void
read file success
class
public
static
String
RIHGT PAREN
int
public
static
void
read file success
class
private
static
String
eq
RIHGT PAREN
public
static
int
RIHGT PAREN
public
static
void
read file success
class
public
static
void
read file success
class
private
static
eq
read file success
class
public
static
void
read file success
class
private
static
int
eq
RIHGT PAREN
public
static
int
RIHGT PAREN
int
public
static
void
read file success
class
private
static
int
eq
read file success
class
public
static
int
RIHGT PAREN
public
static
int
RIHGT PAREN
public
static
void
read file success
class
private
static
int
eq
RIHGT PAREN
public
static
int
RIHGT PAREN
int
,int
read file success
class
public
static
String
RIHGT PAREN
public
static
void
read file success
class
private
static
int
eq
public
static
void
read file success
class
private
static
eq
public
static
void
read file success
class
private
static
int
eq
private
static
String
eq
public
static
void
read file success
class
private
static
int
eq
int
int
public
static
void
read file success
class
private
static
int
eq
int
private
static
int
eq
read file success
class
private
static
int
eq
private
static
int
eq
public
static
void
read file success
class
public
static
void
read file success
class
public
static
void
read file success
class
private
static
eq
RIHGT PAREN
public
static
int
RIHGT PAREN
public
static
void
read file success
class
public
static
void
read file success
class
private
static
int
eq
int
private
static
int
eq
.Run './parser /homes/cs352/Spring23/Grading/tarindu/p2test/tests/testcases/type/StatementMethodCallWrongTypes.java'
[91m[ FAIL ][0m StatementVarDeclCheckArgs
Got error: 'b'Syntax errors in line 5\n''
Expected : 'b'Type violation in line 6\n''
Run './parser /homes/cs352/Spring23/Grading/tarindu/p2test/tests/testcases/type/StatementVarDeclCheckArgs.java'
[91m[ FAIL ][0m LValExprDiffType
Got error: 'b'Syntax errors in line 6\n''
Expected : 'b'Type violation in line 6\n''
Run './parser /homes/cs352/Spring23/Grading/tarindu/p2test/tests/testcases/type/LValExprDiffType.java'
[91m[ FAIL ][0m ParseIntNotString
Got error: 'b'Syntax errors in line 5\n''
Expected : 'b'Type violation in line 6\n''
Run './parser /homes/cs352/Spring23/Grading/tarindu/p2test/tests/testcases/type/ParseIntNotString.java'
[91m[ FAIL ][0m MethodDeclWrongType
Got error: 'b'Syntax errors in line 7\n''
Expected : 'b'Type violation in line 5\n''
Run './parser /homes/cs352/Spring23/Grading/tarindu/p2test/tests/testcases/type/MethodDeclWrongType.java'
[91m[ FAIL ][0m StatementVarDeclRedefinition
Got error: 'b'Syntax errors in line 5\n''
Expected : 'b'Type violation in line 7\n''
Run './parser /homes/cs352/Spring23/Grading/tarindu/p2test/tests/testcases/type/StatementVarDeclRedefinition.java'
[91m[ FAIL ][0m StatementScopeRedefinition
Got error: 'b'Syntax errors in line 5\n''
Expected : 'b'Type violation in line 8\n''
Run './parser /homes/cs352/Spring23/Grading/tarindu/p2test/tests/testcases/type/StatementScopeRedefinition.java'
[91m[ FAIL ][0m BinaryExprLogicalToBool
Got error: 'b'Syntax errors in line 6\n''
Expected : 'b'Type violation in line 5\n''
Run './parser /homes/cs352/Spring23/Grading/tarindu/p2test/tests/testcases/type/BinaryExprLogicalToBool.java'
[91m[ FAIL ][0m StaticVarDeclTypeStillRequired
Got error: 'b'Syntax errors in line 5\n''
Expected : 'b'Type violation in line 5\n''
Run './parser /homes/cs352/Spring23/Grading/tarindu/p2test/tests/testcases/type/StaticVarDeclTypeStillRequired.java'
[91m[ FAIL ][0m NewExprDifferentNewType
Got error: 'b'Syntax errors in line 6\n''
Expected : 'b'Type violation in line 5\n''
Run './parser /homes/cs352/Spring23/Grading/tarindu/p2test/tests/testcases/type/NewExprDifferentNewType.java'
[91m[ FAIL ][0m BinaryExprIntInBool
Got error: 'b'Syntax errors in line 8\n''
Expected : 'b'Type violation in line 7\n''
Run './parser /homes/cs352/Spring23/Grading/tarindu/p2test/tests/testcases/type/BinaryExprIntInBool.java'
[91m[ FAIL ][0m BinaryExprInvalidOperand
Got error: 'b'Syntax errors in line 7\n''
Expected : 'b'Type violation in line 6\n''
Run './parser /homes/cs352/Spring23/Grading/tarindu/p2test/tests/testcases/type/BinaryExprInvalidOperand.java'
[91m[ FAIL ][0m LiteralExprBoolToInt
Got error: 'b'Syntax errors in line 6\n''
Expected : 'b'Type violation in line 5\n''
Run './parser /homes/cs352/Spring23/Grading/tarindu/p2test/tests/testcases/type/LiteralExprBoolToInt.java'
[91m[ FAIL ][0m StatementPrintBadExpr2
Got error: 'b'Syntax errors in line 5\n''
Expected : 'b'Type violation in line 6\n''
Run './parser /homes/cs352/Spring23/Grading/tarindu/p2test/tests/testcases/type/StatementPrintBadExpr2.java'
[91m[ FAIL ][0m MultipleErrorsVarDecl
Got error: 'b'Syntax errors in line 18\n''
Expected : 'b'Type violation in line 19\nType violation in line 20\nType violation in line 21\nType violation in line 21\nType violation in line 21\n''
Run './parser /homes/cs352/Spring23/Grading/tarindu/p2test/tests/testcases/type/MultipleErrorsVarDecl.java'
[91m[ FAIL ][0m MethodDeclBadReturnType
Got error: 'b'Syntax errors in line 7\n''
Expected : 'b'Type violation in line 5\n''
Run './parser /homes/cs352/Spring23/Grading/tarindu/p2test/tests/testcases/type/MethodDeclBadReturnType.java'
[91m[ FAIL ][0m StatementAssignWrongTypes
Got error: 'b'Syntax errors in line 6\n''
Expected : 'b'Type violation in line 7\n''
Run './parser /homes/cs352/Spring23/Grading/tarindu/p2test/tests/testcases/type/StatementAssignWrongTypes.java'
[91m[ FAIL ][0m MethodDeclAssignMethod2
Got error: 'b'Syntax errors in line 5\n''
Expected : 'b'Type violation in line 5\n''
Run './parser /homes/cs352/Spring23/Grading/tarindu/p2test/tests/testcases/type/MethodDeclAssignMethod2.java'
[91m[ FAIL ][0m StatementPrintBadExpr
Got error: 'b'Syntax errors in line 7\n''
Expected : 'b'Type violation in line 8\n''
Run './parser /homes/cs352/Spring23/Grading/tarindu/p2test/tests/testcases/type/StatementPrintBadExpr.java'
[91m[ FAIL ][0m MethodDeclBadExprInCall
Got error: 'b'Syntax errors in line 10\n''
Expected : 'b'Type violation in line 8\n''
Run './parser /homes/cs352/Spring23/Grading/tarindu/p2test/tests/testcases/type/MethodDeclBadExprInCall.java'
[91m[ FAIL ][0m MethodDeclAssignMethod
Got error: 'b'Syntax errors in line 5\n''
Expected : 'b'Type violation in line 5\n''
Run './parser /homes/cs352/Spring23/Grading/tarindu/p2test/tests/testcases/type/MethodDeclAssignMethod.java'
[91m[ FAIL ][0m MethodDeclRedefinition
Got error: 'b'Syntax errors in line 8\n''
Expected : 'b'Type violation in line 6\n''
Run './parser /homes/cs352/Spring23/Grading/tarindu/p2test/tests/testcases/type/MethodDeclRedefinition.java'
[91m[ FAIL ][0m MethodDeclTooFewArgs
Got error: 'b'Syntax errors in line 7\n''
Expected : 'b'Type violation in line 6\n''
Run './parser /homes/cs352/Spring23/Grading/tarindu/p2test/tests/testcases/type/MethodDeclTooFewArgs.java'
[91m[ FAIL ][0m StatementAssignBadLValue
Got error: 'b'Syntax errors in line 6\n''
Expected : 'b'Type violation in line 7\n''
Run './parser /homes/cs352/Spring23/Grading/tarindu/p2test/tests/testcases/type/StatementAssignBadLValue.java'
[91m[ FAIL ][0m UnaryExprNotEvalBool
Got error: 'b'Syntax errors in line 6\n''
Expected : 'b'Type violation in line 5\n''
Run './parser /homes/cs352/Spring23/Grading/tarindu/p2test/tests/testcases/type/UnaryExprNotEvalBool.java'
[91m[ FAIL ][0m NewExprBoolInNew
Got error: 'b'Syntax errors in line 6\n''
Expected : 'b'Type violation in line 5\n''
Run './parser /homes/cs352/Spring23/Grading/tarindu/p2test/tests/testcases/type/NewExprBoolInNew.java'
[91m[ FAIL ][0m StaticVarDeclRedefinition
Got error: 'b'Syntax errors in line 8\n''
Expected : 'b'Type violation in line 6\n''
Run './parser /homes/cs352/Spring23/Grading/tarindu/p2test/tests/testcases/type/StaticVarDeclRedefinition.java'
[91m[ FAIL ][0m NewExprArrayInNew
Got error: 'b'Syntax errors in line 6\n''
Expected : 'b'Type violation in line 5\n''
Run './parser /homes/cs352/Spring23/Grading/tarindu/p2test/tests/testcases/type/NewExprArrayInNew.java'
[91m[ FAIL ][0m LValExprTooManyBrackets
Got error: 'b'Syntax errors in line 6\n''
Expected : 'b'Type violation in line 6\n''
Run './parser /homes/cs352/Spring23/Grading/tarindu/p2test/tests/testcases/type/LValExprTooManyBrackets.java'
[91m[ FAIL ][0m MultipleErrorsStaticVars
Got error: 'b'Syntax errors in line 11\n''
Expected : 'b'Type violation in line 8\nType violation in line 9\n''
Run './parser /homes/cs352/Spring23/Grading/tarindu/p2test/tests/testcases/type/MultipleErrorsStaticVars.java'
[91m[ FAIL ][0m StatementAssignBadExpr
Got error: 'b'Syntax errors in line 8\n''
Expected : 'b'Type violation in line 9\n''
Run './parser /homes/cs352/Spring23/Grading/tarindu/p2test/tests/testcases/type/StatementAssignBadExpr.java'
[91m[ FAIL ][0m StatementAssignBadLValue2
Got error: 'b'Syntax errors in line 5\n''
Expected : 'b'Type Violation in Line 6\n''
Run './parser /homes/cs352/Spring23/Grading/tarindu/p2test/tests/testcases/type/StatementAssignBadLValue2.java'
[91m[ FAIL ][0m MethodDeclAssignIntToBool
Got error: 'b'Syntax errors in line 7\n''
Expected : 'b'Type Violation in Line 5\n''
Run './parser /homes/cs352/Spring23/Grading/tarindu/p2test/tests/testcases/type/MethodDeclAssignIntToBool.java'
[91m[ FAIL ][0m StatementConditionalRecurseError
Got error: 'b'Syntax errors in line 5\n''
Expected : 'b'Type violation in line 7\n''
Run './parser /homes/cs352/Spring23/Grading/tarindu/p2test/tests/testcases/type/StatementConditionalRecurseError.java'
[91m[ FAIL ][0m UnaryExprLength
Got error: 'b'Syntax errors in line 6\n''
Expected : 'b'Type violation in line 6\n''
read file success
class
private
static
int
eq
public
static
void
read file success
class
public
static
void
read file success
class
private
static
int
eq
RIHGT PAREN
int
public
static
void
read file success
class
public
static
void
read file success
class
private
static
eq
public
static
void
Run './parser /homes/cs352/Spring23/Grading/tarindu/p2test/tests/testcases/type/UnaryExprLength.java'
[91m[ FAIL ][0m UnaryExprUnaryString
Got error: 'b'Syntax errors in line 6\n''
Expected : 'b'Type violation in line 5\n''
Run './parser /homes/cs352/Spring23/Grading/tarindu/p2test/tests/testcases/type/UnaryExprUnaryString.java'
[91m[ FAIL ][0m StatementConditionalWhile.NotBoolCond
Got error: 'b'Syntax errors in line 5\n''
Expected : 'b'Type violation in line 6\n''
Run './parser /homes/cs352/Spring23/Grading/tarindu/p2test/tests/testcases/type/StatementConditionalWhile.NotBoolCond.java'
[91m[ FAIL ][0m BinaryExprArrayInOp
Got error: 'b'Syntax errors in line 8\n''
Expected : 'b'Type violation in line 7\n''
Run './parser /homes/cs352/Spring23/Grading/tarindu/p2test/tests/testcases/type/BinaryExprArrayInOp.java'
[91m[ FAIL ][0m StatementConditionalIf.NotBoolCond
Got error: 'b'Syntax errors in line 5\n''
Expected : 'b'Type violation in line 6\n''
Run './parser /homes/cs352/Spring23/Grading/tarindu/p2test/tests/testcases/type/StatementConditionalIf.NotBoolCond.java'
[91m[ FAIL ][0m UnaryExprNotInt
Got error: 'b'Syntax errors in line 6\n''
Expected : 'b'Type violation in line 5\n''
Run './parser /homes/cs352/Spring23/Grading/tarindu/p2test/tests/testcases/type/UnaryExprNotInt.java'"
